issue_id,dimension,issue,severity,downstream_impact,control,status
D2-ISS-001,Completeness,Weight is extremely sparse.,HIGH,Direct use may produce unstable or non-generalizable feature behavior.,Feature approval requires explicit missingness strategy.,OPEN
D2-ISS-002,Completeness,A1C and maximum-glucose result fields are highly sparse and source 'None' states are loaded as native missing values.,HIGH,Missingness may encode testing practice rather than random absence.,Preserve testing-status semantics and review before feature engineering.,OPEN
D2-ISS-003,Completeness,Medical specialty and payer information have substantial missingness.,HIGH,Potential measurement and institutional process bias.,Evaluate feature necessity and subgroup missingness before approval.,OPEN
D2-ISS-004,Currency,Source data end in 2008.,HIGH,Contemporary clinical transportability cannot be assumed.,Require contemporary external validation and recalibration before deployment.,OPEN
D2-ISS-005,Consistency,19308 records have change='Ch' without an Up/Down medication state under the current narrow consistency rule.,MODERATE,Incorrect interpretation could create invalid cleaning or feature rules.,Verify source-variable semantics. Do not delete or recode records solely from this flag.,REVIEW
D2-ISS-006,Consistency,Small numbers of diagnosis records contain later diagnosis positions while earlier positions are missing.,LOW,Potential diagnosis-sequence irregularity.,Retain records and account for missing diagnosis positions during feature design.,OPEN
D2-ISS-007,Representation,Several racial and younger-age groups have limited representation.,HIGH,Subgroup model estimates may have greater uncertainty.,"Perform subgroup performance, confidence interval and fairness evaluation.",OPEN
D2-ISS-008,Bias,Missingness patterns vary across demographic subgroups.,HIGH,Feature availability may reflect differing measurement or care processes.,Carry measurement-bias evidence into D4 feature governance and D10 fairness review.,OPEN
D2-ISS-009,Bias,A substantial proportion of encounters belong to patients represented more than once.,HIGH,Encounter-level random splitting could cause patient leakage and optimistic evaluation.,Mandate patient-disjoint splitting in D5.,OPEN
D2-ISS-010,Bias,"Readmission outcome may reflect healthcare access, utilization, discharge processes and outcome ascertainment as well as clinical risk.",HIGH,Predictions must not be interpreted as pure biological risk.,Document label limitations and evaluate subgroup model-error patterns.,OPEN
