subgroup,subgroup_value,calibration_bin,encounter_count,positive_count,observed_outcome_rate,mean_predicted_probability,calibration_gap,absolute_calibration_gap,support_classification,primary_disparity_eligible,exclusion_reason
race,?,1,69,7,0.10144927536231885,0.06094663557798966,-0.040502639784329185,0.040502639784329185,ADEQUATE_SUPPORT,False,UNKNOWN_OR_NOT_RECORDED
race,?,2,69,2,0.028985507246376812,0.07230178817458775,0.04331628092821094,0.04331628092821094,ADEQUATE_SUPPORT,False,UNKNOWN_OR_NOT_RECORDED
race,?,3,69,5,0.07246376811594203,0.08187170996182207,0.009407941845880036,0.009407941845880036,ADEQUATE_SUPPORT,False,UNKNOWN_OR_NOT_RECORDED
race,?,4,69,7,0.10144927536231885,0.09715810634087825,-0.004291169021440597,0.004291169021440597,ADEQUATE_SUPPORT,False,UNKNOWN_OR_NOT_RECORDED
race,?,5,69,9,0.13043478260869565,0.1459043869289799,0.015469604320284241,0.015469604320284241,ADEQUATE_SUPPORT,False,UNKNOWN_OR_NOT_RECORDED
race,AfricanAmerican,1,569,44,0.0773286467486819,0.06758914919985828,-0.009739497548823611,0.009739497548823611,ADEQUATE_SUPPORT,True,
race,AfricanAmerican,2,568,49,0.08626760563380281,0.08100739798285592,-0.0052602076509468965,0.0052602076509468965,ADEQUATE_SUPPORT,True,
race,AfricanAmerican,3,568,40,0.07042253521126761,0.09527786335789822,0.024855328146630606,0.024855328146630606,ADEQUATE_SUPPORT,True,
race,AfricanAmerican,4,568,82,0.1443661971830986,0.1267294120568205,-0.017636785126278087,0.017636785126278087,ADEQUATE_SUPPORT,True,
race,AfricanAmerican,5,568,116,0.20422535211267606,0.19892237020630232,-0.005302981906373738,0.005302981906373738,ADEQUATE_SUPPORT,True,
race,Asian,1,20,0,0.0,0.06566860321909189,0.06566860321909189,0.06566860321909189,LOW_SUPPORT,False,LOW_SUPPORT
race,Asian,2,20,1,0.05,0.08066418953239918,0.030664189532399175,0.030664189532399175,LOW_SUPPORT,False,LOW_SUPPORT
race,Asian,3,20,3,0.15,0.09419996365904808,-0.05580003634095192,0.05580003634095192,LOW_SUPPORT,False,LOW_SUPPORT
race,Asian,4,20,2,0.1,0.1060821082442999,0.006082108244299889,0.006082108244299889,LOW_SUPPORT,False,LOW_SUPPORT
race,Asian,5,20,0,0.0,0.1454906690865755,0.1454906690865755,0.1454906690865755,LOW_SUPPORT,False,LOW_SUPPORT
race,Caucasian,1,2256,150,0.06648936170212766,0.07029556300233494,0.0038062013002072848,0.0038062013002072848,ADEQUATE_SUPPORT,True,
race,Caucasian,2,2255,210,0.09312638580931264,0.08697192574750029,-0.006154460061812347,0.006154460061812347,ADEQUATE_SUPPORT,True,
race,Caucasian,3,2256,221,0.09796099290780141,0.09861914987233303,0.0006581569645316143,0.0006581569645316143,ADEQUATE_SUPPORT,True,
race,Caucasian,4,2255,266,0.11796008869179601,0.12372328435171999,0.005763195659923975,0.005763195659923975,ADEQUATE_SUPPORT,True,
race,Caucasian,5,2256,436,0.19326241134751773,0.1956615178641064,0.0023991065165886727,0.0023991065165886727,ADEQUATE_SUPPORT,True,
race,Hispanic,1,55,2,0.03636363636363636,0.0651744310151447,0.028810794651508334,0.028810794651508334,ADEQUATE_SUPPORT,True,
race,Hispanic,2,55,4,0.07272727272727272,0.07468773113055663,0.0019604584032839045,0.0019604584032839045,ADEQUATE_SUPPORT,True,
race,Hispanic,3,54,7,0.12962962962962962,0.08787834782291341,-0.04175128180671621,0.04175128180671621,ADEQUATE_SUPPORT,True,
race,Hispanic,4,55,3,0.05454545454545454,0.10777303928678686,0.053227584741332316,0.053227584741332316,ADEQUATE_SUPPORT,True,
race,Hispanic,5,55,8,0.14545454545454545,0.1776216691190546,0.03216712366450916,0.03216712366450916,ADEQUATE_SUPPORT,True,
race,Other,1,43,2,0.046511627906976744,0.061834353303839996,0.015322725396863253,0.015322725396863253,LOW_SUPPORT,False,LOW_SUPPORT
race,Other,2,43,4,0.09302325581395349,0.07779066056706184,-0.015232595246891648,0.015232595246891648,LOW_SUPPORT,False,LOW_SUPPORT
race,Other,3,42,4,0.09523809523809523,0.08616196151290621,-0.00907613372518902,0.00907613372518902,LOW_SUPPORT,False,LOW_SUPPORT
race,Other,4,43,5,0.11627906976744186,0.10081229566834694,-0.015466774099094915,0.015466774099094915,LOW_SUPPORT,False,LOW_SUPPORT
race,Other,5,43,3,0.06976744186046512,0.16330063585625137,0.09353319399578626,0.09353319399578626,LOW_SUPPORT,False,LOW_SUPPORT
gender,Female,1,1606,103,0.06413449564134496,0.06910540457063379,0.0049709089292888226,0.0049709089292888226,ADEQUATE_SUPPORT,True,
gender,Female,2,1606,152,0.09464508094645081,0.0859890121312471,-0.008656068815203713,0.008656068815203713,ADEQUATE_SUPPORT,True,
gender,Female,3,1606,164,0.10211706102117062,0.09812159636805987,-0.00399546465311075,0.00399546465311075,ADEQUATE_SUPPORT,True,
gender,Female,4,1606,190,0.11830635118306351,0.12314978812080095,0.004843436937737436,0.004843436937737436,ADEQUATE_SUPPORT,True,
gender,Female,5,1606,297,0.18493150684931506,0.1922052560158417,0.00727374916652665,0.00727374916652665,ADEQUATE_SUPPORT,True,
gender,Male,1,1405,96,0.06832740213523132,0.06827031521133256,-5.708692389876091e-05,5.708692389876091e-05,ADEQUATE_SUPPORT,True,
gender,Male,2,1404,113,0.08048433048433049,0.08430043142554257,0.0038161009412120833,0.0038161009412120833,ADEQUATE_SUPPORT,True,
gender,Male,3,1404,125,0.08903133903133903,0.09671684719643361,0.0076855081650945845,0.0076855081650945845,ADEQUATE_SUPPORT,True,
gender,Male,4,1404,171,0.12179487179487179,0.12193857959638803,0.0001437078015162352,0.0001437078015162352,ADEQUATE_SUPPORT,True,
gender,Male,5,1405,281,0.2,0.19739217859994473,-0.002607821400055277,0.002607821400055277,ADEQUATE_SUPPORT,True,
age,[0-10),1,5,1,0.2,0.028492534533143044,-0.17150746546685697,0.17150746546685697,LOW_SUPPORT,False,LOW_SUPPORT
age,[0-10),2,5,0,0.0,0.028699076548218728,0.028699076548218728,0.028699076548218728,LOW_SUPPORT,False,LOW_SUPPORT
age,[0-10),3,5,0,0.0,0.02890622951090336,0.02890622951090336,0.02890622951090336,LOW_SUPPORT,False,LOW_SUPPORT
age,[0-10),4,5,0,0.0,0.032230586558580396,0.032230586558580396,0.032230586558580396,LOW_SUPPORT,False,LOW_SUPPORT
age,[0-10),5,5,0,0.0,0.04214959293603897,0.04214959293603897,0.04214959293603897,LOW_SUPPORT,False,LOW_SUPPORT
age,[10-20),1,23,0,0.0,0.05354050255340079,0.05354050255340079,0.05354050255340079,LOW_SUPPORT,False,LOW_SUPPORT
age,[10-20),2,23,1,0.043478260869565216,0.056410110677066055,0.01293184980750084,0.01293184980750084,LOW_SUPPORT,False,LOW_SUPPORT
age,[10-20),3,23,1,0.043478260869565216,0.05731803875254548,0.013839777882980263,0.013839777882980263,LOW_SUPPORT,False,LOW_SUPPORT
age,[10-20),4,23,0,0.0,0.07237304714710815,0.07237304714710815,0.07237304714710815,LOW_SUPPORT,False,LOW_SUPPORT
age,[10-20),5,23,3,0.13043478260869565,0.13117090483074603,0.0007361222220503838,0.0007361222220503838,LOW_SUPPORT,False,LOW_SUPPORT
age,[20-30),1,46,1,0.021739130434782608,0.0720195927373741,0.05028046230259149,0.05028046230259149,ADEQUATE_SUPPORT,True,
age,[20-30),2,46,3,0.06521739130434782,0.07638826690938162,0.011170875605033798,0.011170875605033798,ADEQUATE_SUPPORT,True,
age,[20-30),3,46,1,0.021739130434782608,0.08136864346654518,0.059629513031762574,0.059629513031762574,ADEQUATE_SUPPORT,True,
age,[20-30),4,46,4,0.08695652173913043,0.15085889269476352,0.06390237095563309,0.06390237095563309,ADEQUATE_SUPPORT,True,
age,[20-30),5,46,12,0.2608695652173913,0.3353680304211119,0.07449846520372061,0.07449846520372061,ADEQUATE_SUPPORT,True,
age,[30-40),1,116,7,0.0603448275862069,0.06384799529894672,0.00350316771273982,0.00350316771273982,ADEQUATE_SUPPORT,True,
age,[30-40),2,115,10,0.08695652173913043,0.07424908863461537,-0.012707433104515067,0.012707433104515067,ADEQUATE_SUPPORT,True,
age,[30-40),3,115,10,0.08695652173913043,0.07691110255925551,-0.01004541917987492,0.01004541917987492,ADEQUATE_SUPPORT,True,
age,[30-40),4,115,12,0.10434782608695652,0.1212401728267255,0.016892346739768985,0.016892346739768985,ADEQUATE_SUPPORT,True,
age,[30-40),5,116,28,0.2413793103448276,0.22537887815771432,-0.016000432187113278,0.016000432187113278,ADEQUATE_SUPPORT,True,
age,[40-50),1,284,19,0.06690140845070422,0.06686887479531513,-3.2533655389091476e-05,3.2533655389091476e-05,ADEQUATE_SUPPORT,True,
age,[40-50),2,284,21,0.07394366197183098,0.07169153585925069,-0.0022521261125802994,0.0022521261125802994,ADEQUATE_SUPPORT,True,
age,[40-50),3,284,19,0.06690140845070422,0.07661727424973333,0.00971586579902911,0.00971586579902911,ADEQUATE_SUPPORT,True,
age,[40-50),4,284,36,0.1267605633802817,0.11409289043554117,-0.012667672944740513,0.012667672944740513,ADEQUATE_SUPPORT,True,
age,[40-50),5,284,58,0.20422535211267606,0.20401984327275988,-0.0002055088399161853,0.0002055088399161853,ADEQUATE_SUPPORT,True,
age,[50-60),1,532,30,0.05639097744360902,0.06363685550938424,0.007245878065775216,0.007245878065775216,ADEQUATE_SUPPORT,True,
age,[50-60),2,531,38,0.07156308851224105,0.0671993599408315,-0.004363728571409556,0.004363728571409556,ADEQUATE_SUPPORT,True,
age,[50-60),3,531,44,0.08286252354048965,0.0720748057950239,-0.010787717745465747,0.010787717745465747,ADEQUATE_SUPPORT,True,
age,[50-60),4,531,56,0.10546139359698682,0.10991829922756008,0.004456905630573257,0.004456905630573257,ADEQUATE_SUPPORT,True,
age,[50-60),5,531,124,0.2335216572504708,0.1933905394176081,-0.04013111783286272,0.04013111783286272,ADEQUATE_SUPPORT,True,
age,[60-70),1,664,47,0.07078313253012049,0.08035593700920601,0.009572804479085525,0.009572804479085525,ADEQUATE_SUPPORT,True,
age,[60-70),2,664,63,0.09487951807228916,0.08458493774509933,-0.010294580327189828,0.010294580327189828,ADEQUATE_SUPPORT,True,
age,[60-70),3,663,62,0.09351432880844646,0.08863508859775725,-0.004879240210689209,0.004879240210689209,ADEQUATE_SUPPORT,True,
age,[60-70),4,664,75,0.11295180722891567,0.120959656391607,0.00800784916269133,0.00800784916269133,ADEQUATE_SUPPORT,True,
age,[60-70),5,664,134,0.20180722891566266,0.19259689732578145,-0.009210331589881215,0.009210331589881215,ADEQUATE_SUPPORT,True,
age,[70-80),1,763,77,0.10091743119266056,0.08850260805411858,-0.012414823138541975,0.012414823138541975,ADEQUATE_SUPPORT,True,
age,[70-80),2,763,65,0.08519003931847968,0.09587764945052085,0.01068761013204117,0.01068761013204117,ADEQUATE_SUPPORT,True,
age,[70-80),3,763,66,0.08650065530799476,0.10002233712966914,0.013521681821674375,0.013521681821674375,ADEQUATE_SUPPORT,True,
age,[70-80),4,763,97,0.127129750982962,0.12647337901014175,-0.0006563719728202577,0.0006563719728202577,ADEQUATE_SUPPORT,True,
age,[70-80),5,763,121,0.15858453473132372,0.18750189797437675,0.028917363243053024,0.028917363243053024,ADEQUATE_SUPPORT,True,
age,[80-90),1,509,44,0.08644400785854617,0.09144840253359676,0.005004394675050594,0.005004394675050594,ADEQUATE_SUPPORT,True,
age,[80-90),2,508,58,0.1141732283464567,0.10138332689782296,-0.012789901448633734,0.012789901448633734,ADEQUATE_SUPPORT,True,
age,[80-90),3,508,58,0.1141732283464567,0.10563679610005045,-0.008536432246406253,0.008536432246406253,ADEQUATE_SUPPORT,True,
age,[80-90),4,508,65,0.1279527559055118,0.130445369717291,0.002492613811779204,0.002492613811779204,ADEQUATE_SUPPORT,True,
age,[80-90),5,509,82,0.16110019646365423,0.1879965601185216,0.02689636365486736,0.02689636365486736,ADEQUATE_SUPPORT,True,
age,[90-100),1,71,7,0.09859154929577464,0.0820182954341593,-0.016573253861615345,0.016573253861615345,ADEQUATE_SUPPORT,True,
age,[90-100),2,70,5,0.07142857142857142,0.0883483598274844,0.016919788398912977,0.016919788398912977,ADEQUATE_SUPPORT,True,
age,[90-100),3,71,10,0.14084507042253522,0.08893272973282236,-0.05191234068971286,0.05191234068971286,ADEQUATE_SUPPORT,True,
age,[90-100),4,70,5,0.07142857142857142,0.11329176085335868,0.041863189424787256,0.041863189424787256,ADEQUATE_SUPPORT,True,
age,[90-100),5,71,12,0.16901408450704225,0.1590778687050645,-0.00993621580197776,0.00993621580197776,ADEQUATE_SUPPORT,True,
