subgroup,metric,eligible_group_count,minimum_value,minimum_group,maximum_value,maximum_group,absolute_range
race,outcome_prevalence,3,0.08759124087591241,Hispanic,0.11650827173530447,AfricanAmerican,0.028917030859392054
race,mean_predicted_probability,3,0.10268087103201524,Hispanic,0.11505600951590855,Caucasian,0.012375138483893308
race,roc_auc,3,0.5881666666666666,Hispanic,0.6266559141079187,AfricanAmerican,0.03848924744125204
race,pr_auc,3,0.14718430351720088,Hispanic,0.19134142985789282,AfricanAmerican,0.04415712634069194
race,brier_score,3,0.07933538979774182,Hispanic,0.1002645507827288,AfricanAmerican,0.020929160984986983
race,sensitivity,3,0.375,Hispanic,0.4984894259818731,AfricanAmerican,0.12348942598187312
race,specificity,3,0.6872509960159362,AfricanAmerican,0.804,Hispanic,0.11674900398406385
race,precision,3,0.15517241379310345,Hispanic,0.1736842105263158,AfricanAmerican,0.01851179673321235
race,negative_predictive_value,3,0.9113018597997139,Caucasian,0.9305555555555556,Hispanic,0.019253695755841682
race,false_negative_rate,3,0.5015105740181269,AfricanAmerican,0.625,Hispanic,0.12348942598187307
race,false_positive_rate,3,0.196,Hispanic,0.31274900398406374,AfricanAmerican,0.11674900398406374
race,predicted_positive_rate,3,0.2116788321167883,Hispanic,0.33438929954241464,AfricanAmerican,0.12271046742562633
race,alerts_per_100_patients,3,21.16788321167883,Hispanic,33.438929954241466,AfricanAmerican,12.271046742562636
gender,outcome_prevalence,2,0.11193392195955568,Male,0.11282689912826899,Female,0.0008929771687133103
gender,mean_predicted_probability,2,0.11371421144131669,Female,0.1137291126094315,Male,1.4901168114811458e-05
gender,roc_auc,2,0.6110823965998714,Female,0.6307816021883932,Male,0.019699205588521784
gender,pr_auc,2,0.1732205497811351,Female,0.19877404853014977,Male,0.025553498749014664
gender,brier_score,2,0.09635982102287897,Male,0.09823931283815421,Female,0.0018794918152752332
gender,sensitivity,2,0.4470198675496689,Female,0.48346055979643765,Male,0.03644069224676877
gender,specificity,2,0.6994665918023583,Female,0.7140795381654907,Male,0.014612946363132484
gender,precision,2,0.15907305577376277,Female,0.17568192325473878,Male,0.01660886748097601
gender,negative_predictive_value,2,0.9086433260393874,Female,0.916443712698086,Male,0.007800386658698644
gender,false_negative_rate,2,0.5165394402035624,Male,0.5529801324503312,Female,0.036440692246768824
gender,false_positive_rate,2,0.2859204618345093,Male,0.3005334081976418,Female,0.014612946363132484
gender,predicted_positive_rate,2,0.3080318997436628,Male,0.3170610211706102,Female,0.009029121426947395
gender,alerts_per_100_patients,2,30.80318997436628,Male,31.706102117061018,Female,0.9029121426947384
age,outcome_prevalence,8,0.09130434782608696,[20-30),0.12077104642014162,[80-90),0.029466698594054666
age,mean_predicted_probability,8,0.1012298126721822,[50-60),0.14320068524583526,[20-30),0.04197087257365306
age,roc_auc,8,0.5477298709782785,[90-100),0.7540442014126225,[20-30),0.206314330434344
age,pr_auc,8,0.1373529845935077,[90-100),0.2736003116313871,[20-30),0.1362473270378794
age,brier_score,8,0.07886183088815307,[20-30),0.10585252400237465,[80-90),0.026990693114221573
age,sensitivity,8,0.41025641025641024,[90-100),0.7619047619047619,[20-30),0.3516483516483516
age,specificity,8,0.6313199105145414,[80-90),0.7990693739424704,[50-60),0.16774946342792896
age,precision,8,0.14434060228452752,[80-90),0.21617161716171618,[50-60),0.07183101487718865
age,negative_predictive_value,8,0.8936035465484484,[80-90),0.9666666666666667,[20-30),0.07306312011821825
age,false_negative_rate,8,0.23809523809523808,[20-30),0.5897435897435898,[90-100),0.3516483516483517
age,false_positive_rate,8,0.20093062605752962,[50-60),0.3686800894854586,[80-90),0.16774946342792899
age,predicted_positive_rate,8,0.22816265060240964,[50-60),0.3788355625491739,[80-90),0.15067291194676424
age,alerts_per_100_patients,8,22.816265060240966,[50-60),37.88355625491739,[80-90),15.067291194676422
