subgroup,subgroup_value,encounter_count,positive_count,outcome_prevalence,mean_predicted_probability,aggregate_calibration_gap,absolute_aggregate_calibration_gap,brier_score,calibration_bin_count,weighted_absolute_calibration_error,maximum_absolute_bin_gap,support_classification,primary_disparity_eligible,exclusion_reason,model_recalibrated,probability_calibration_established
race,?,345,30,0.08695652173913043,0.09163652539685152,0.004680003657721088,0.004680003657721088,0.07916147369929499,5,0.022597527180028998,0.04331628092821094,ADEQUATE_SUPPORT,False,UNKNOWN_OR_NOT_RECORDED,False,False
race,AfricanAmerican,2841,331,0.11650827173530447,0.11388893581897976,-0.002619335916324711,0.002619335916324711,0.1002645507827288,5,0.012557967656758496,0.024855328146630606,ADEQUATE_SUPPORT,True,,False,False
race,Asian,100,6,0.06,0.09842110674828292,0.03842110674828292,0.03842110674828292,0.05939849948357041,5,0.06074112128466368,0.1454906690865755,LOW_SUPPORT,False,LOW_SUPPORT,False,False
race,Caucasian,11278,1283,0.11376130519595673,0.11505600951590855,0.0012947043199518227,0.0012947043199518227,0.0983163507810007,5,0.0037558334987755288,0.006154460061812347,ADEQUATE_SUPPORT,True,,False,False
race,Hispanic,274,24,0.08759124087591241,0.10268087103201524,0.015089630156102832,0.015089630156102832,0.07933538979774182,5,0.03154633977334865,0.053227584741332316,ADEQUATE_SUPPORT,True,,False,False
race,Other,214,18,0.08411214953271028,0.09803520577359144,0.013923056240881165,0.013923056240881165,0.07873129557000488,5,0.02982278052438921,0.09353319399578626,LOW_SUPPORT,False,LOW_SUPPORT,False,False
gender,Female,8030,906,0.11282689912826899,0.11371421144131669,0.0008873123130477001,0.0008873123130477001,0.09823931283815421,5,0.005947925700373474,0.008656068815203713,ADEQUATE_SUPPORT,True,,False,False
gender,Male,7022,786,0.11193392195955568,0.1137291126094315,0.0017951906498758219,0.0017951906498758219,0.09635982102287897,5,0.0028616093895953826,0.0076855081650945845,ADEQUATE_SUPPORT,True,,False,False
age,[0-10),25,1,0.04,0.0320956040173769,-0.007904395982623103,0.007904395982623103,0.03879327036890845,5,0.06069859020411968,0.17150746546685697,LOW_SUPPORT,False,LOW_SUPPORT,False,False
age,[10-20),115,5,0.043478260869565216,0.07416252079217331,0.030684259922608093,0.030684259922608093,0.04301253971995314,5,0.030684259922608086,0.07237304714710815,LOW_SUPPORT,False,LOW_SUPPORT,False,False
age,[20-30),230,21,0.09130434782608696,0.14320068524583526,0.051896337419748306,0.051896337419748306,0.07886183088815307,5,0.051896337419748306,0.07449846520372061,ADEQUATE_SUPPORT,True,,False,False
age,[30-40),577,67,0.11611785095320624,0.1124373642692223,-0.0036804866839839495,0.0036804866839839495,0.0996675682958632,5,0.011822557151059343,0.016892346739768985,ADEQUATE_SUPPORT,True,,False,False
age,[40-50),1420,153,0.10774647887323943,0.10665808372252004,-0.0010883951507193873,0.0010883951507193873,0.09124669415565295,5,0.00497474147033104,0.012667672944740513,ADEQUATE_SUPPORT,True,,False,False
age,[50-60),2656,292,0.10993975903614457,0.1012298126721822,-0.00870994636396237,0.00870994636396237,0.09300091852730012,5,0.013394753608560883,0.04013111783286272,ADEQUATE_SUPPORT,True,,False,False
age,[60-70),3319,381,0.11479361253389575,0.11343397295737202,-0.0013596395765237274,0.0013596395765237274,0.09898459662718824,5,0.008394019822465185,0.010294580327189828,ADEQUATE_SUPPORT,True,,False,False
age,[70-80),3815,426,0.11166448230668415,0.11967557432376541,0.008011092017081264,0.008011092017081264,0.09835989364769694,5,0.01323957006162616,0.028917363243053024,ADEQUATE_SUPPORT,True,,False,False
age,[80-90),2542,307,0.12077104642014162,0.12339494739938307,0.0026239009792414503,0.0026239009792414503,0.10585252400237465,5,0.011147722786543031,0.02689636365486736,ADEQUATE_SUPPORT,True,,False,False
age,[90-100),353,39,0.11048158640226628,0.10636504224525295,-0.004116544157013333,0.004116544157013333,0.09775334753499902,5,0.027429906466696144,0.05191234068971286,ADEQUATE_SUPPORT,True,,False,False
