subgroup,subgroup_value,encounter_count,positive_count,negative_count,outcome_prevalence,mean_predicted_probability,roc_auc,pr_auc,brier_score,true_positive,false_positive,true_negative,false_negative,sensitivity,specificity,precision,negative_predictive_value,false_negative_rate,false_positive_rate,predicted_positive_count,predicted_positive_rate,alerts_per_100_patients,support_classification
race,?,345,30,315,0.08695652173913043,0.09163652539685152,0.5752380952380952,0.12328047733469541,0.07916147369929499,6,42,273,24,0.2,0.8666666666666667,0.125,0.9191919191919192,0.8,0.13333333333333333,48,0.1391304347826087,13.91304347826087,ADEQUATE_SUPPORT
race,AfricanAmerican,2841,331,2510,0.11650827173530447,0.11388893581897976,0.6266559141079187,0.19134142985789282,0.1002645507827288,165,785,1725,166,0.4984894259818731,0.6872509960159362,0.1736842105263158,0.9122157588577472,0.5015105740181269,0.31274900398406374,950,0.33438929954241464,33.438929954241466,ADEQUATE_SUPPORT
race,Asian,100,6,94,0.06,0.09842110674828292,0.5159574468085106,0.07078214210982572,0.05939849948357041,0,20,74,6,0.0,0.7872340425531915,0.0,0.925,1.0,0.2127659574468085,20,0.2,20.0,LOW_SUPPORT
race,Caucasian,11278,1283,9995,0.11376130519595673,0.11505600951590855,0.6200687249314446,0.18824543091061796,0.0983163507810007,601,2988,7007,682,0.46843335931410757,0.7010505252626313,0.16745611590972415,0.9113018597997139,0.5315666406858924,0.29894947473736866,3589,0.3182301826564994,31.82301826564994,ADEQUATE_SUPPORT
race,Hispanic,274,24,250,0.08759124087591241,0.10268087103201524,0.5881666666666666,0.14718430351720088,0.07933538979774182,9,49,201,15,0.375,0.804,0.15517241379310345,0.9305555555555556,0.625,0.196,58,0.2116788321167883,21.16788321167883,ADEQUATE_SUPPORT
race,Other,214,18,196,0.08411214953271028,0.09803520577359144,0.5350056689342404,0.0913234519695458,0.07873129557000488,4,40,156,14,0.2222222222222222,0.7959183673469388,0.09090909090909091,0.9176470588235294,0.7777777777777778,0.20408163265306123,44,0.205607476635514,20.5607476635514,LOW_SUPPORT
gender,Female,8030,906,7124,0.11282689912826899,0.11371421144131669,0.6110823965998714,0.1732205497811351,0.09823931283815421,405,2141,4983,501,0.4470198675496689,0.6994665918023583,0.15907305577376277,0.9086433260393874,0.5529801324503312,0.3005334081976418,2546,0.3170610211706102,31.706102117061018,ADEQUATE_SUPPORT
gender,Male,7022,786,6236,0.11193392195955568,0.1137291126094315,0.6307816021883932,0.19877404853014977,0.09635982102287897,380,1783,4453,406,0.48346055979643765,0.7140795381654907,0.17568192325473878,0.916443712698086,0.5165394402035624,0.2859204618345093,2163,0.3080318997436628,30.80318997436628,ADEQUATE_SUPPORT
age,[0-10),25,1,24,0.04,0.0320956040173769,0.04166666666666663,0.041666666666666664,0.03879327036890845,0,0,24,1,0.0,1.0,,0.96,1.0,0.0,0,0.0,0.0,LOW_SUPPORT
age,[10-20),115,5,110,0.043478260869565216,0.07416252079217331,0.6909090909090909,0.10564518814518814,0.04301253971995314,1,10,100,4,0.2,0.9090909090909091,0.09090909090909091,0.9615384615384616,0.8,0.09090909090909091,11,0.09565217391304348,9.565217391304348,LOW_SUPPORT
age,[20-30),230,21,209,0.09130434782608696,0.14320068524583526,0.7540442014126225,0.2736003116313871,0.07886183088815307,16,64,145,5,0.7619047619047619,0.69377990430622,0.2,0.9666666666666667,0.23809523809523808,0.3062200956937799,80,0.34782608695652173,34.78260869565217,ADEQUATE_SUPPORT
age,[30-40),577,67,510,0.11611785095320624,0.1124373642692223,0.6525607257828505,0.20197948248377934,0.0996675682958632,33,149,361,34,0.4925373134328358,0.707843137254902,0.1813186813186813,0.9139240506329114,0.5074626865671642,0.29215686274509806,182,0.31542461005199307,31.542461005199307,ADEQUATE_SUPPORT
age,[40-50),1420,153,1267,0.10774647887323943,0.10665808372252004,0.6491300019086824,0.24310183732409357,0.09124669415565295,69,286,981,84,0.45098039215686275,0.7742699289660616,0.19436619718309858,0.9211267605633803,0.5490196078431373,0.22573007103393844,355,0.25,25.0,ADEQUATE_SUPPORT
age,[50-60),2656,292,2364,0.10993975903614457,0.1012298126721822,0.6699638411793338,0.23109710512495737,0.09300091852730012,131,475,1889,161,0.4486301369863014,0.7990693739424704,0.21617161716171618,0.9214634146341464,0.5513698630136986,0.20093062605752962,606,0.22816265060240964,22.816265060240966,ADEQUATE_SUPPORT
age,[60-70),3319,381,2938,0.11479361253389575,0.11343397295737202,0.6202368636867974,0.19352023932426382,0.09898459662718824,187,908,2030,194,0.49081364829396323,0.6909462219196733,0.17077625570776256,0.9127697841726619,0.5091863517060368,0.30905377808032675,1095,0.3299186501958421,32.99186501958421,ADEQUATE_SUPPORT
age,[70-80),3815,426,3389,0.11166448230668415,0.11967557432376541,0.5676068805871523,0.15657050368861933,0.09835989364769694,193,1122,2267,233,0.45305164319248825,0.6689288875774565,0.1467680608365019,0.9068,0.5469483568075117,0.3310711124225435,1315,0.34469200524246396,34.469200524246396,ADEQUATE_SUPPORT
age,[80-90),2542,307,2235,0.12077104642014162,0.12339494739938307,0.5668211529632949,0.14974389112989467,0.10585252400237465,139,824,1411,168,0.4527687296416938,0.6313199105145414,0.14434060228452752,0.8936035465484484,0.5472312703583062,0.3686800894854586,963,0.3788355625491739,37.88355625491739,ADEQUATE_SUPPORT
age,[90-100),353,39,314,0.11048158640226628,0.10636504224525295,0.5477298709782785,0.1373529845935077,0.09775334753499902,16,86,228,23,0.41025641025641024,0.7261146496815286,0.1568627450980392,0.9083665338645418,0.5897435897435898,0.27388535031847133,102,0.28895184135977336,28.89518413597734,ADEQUATE_SUPPORT
