artifact,exists,size_bytes,sha256
artifacts/manifests/D11_robustness_transportability_manifest.yaml,True,1248,6B19D0C4BCEDF40291B223A32E613EB6B3BD27AEB31AC38AA23F14FE60F5D0EA
reports/governance/D11_robustness_transportability_contract.md,True,1773,280598271F559B08884D2FDEFF3B52F8A5BC13B95B8D514D73D05D5F16EB590D
reports/governance/D11_robustness_transportability_gate_decision.md,True,2393,3983E2A0085CFD450FD5896D999B03D2BE83BF4FED85AC9900B396C746770F01
reports/tables/D11_baseline_metric_reference.csv,True,1245,B3D6FEE76350355528C38A1F5B94426EE74217B0DDE8577767F7ECD10B9BC2C8
reports/tables/D11_stress_test_registry.csv,True,4468,B61B8F75D742C7B4CF101485A936B8BA293F30667FEDC8230AF4B0E03A9DD91A
reports/tables/D11_synthetic_stress_results.csv,True,1892,2C76F3DB87E6A0FA9121D887197840EF743E539A2CB1B77015E1D008FAE09BB8
reports/tables/D11_observed_slice_results.csv,True,17652,21B0D3F6286B9DD99AEB6DF3EFEA0D197D4740C8677022E384AC5D436070E6A3
reports/tables/D11_robustness_comparison_assessment.csv,True,34725,932F19BD1702F5DF6E9F52C3FD960D7028C0D713A1CB703673BACB3590FC774E
reports/tables/D11_heterogeneity_review_findings.csv,True,3047,D97E29A56420018D1AC3FB36B244CC76728F49E1CD88E629AB328AECF9CB98BB
reports/tables/D11_low_support_limitations.csv,True,1642,7C0B8523AC84B9692AF834F1B8C6CEF80FB89177ABD11EF4DBE2D3F153B0D3E0
reports/tables/D11_carry_forward_actions.csv,True,1170,CEAB3447C121D351167D092FFCE67F638B508E2C1DFB9E30AE25429EC9A42D8D
