scenario_id,scenario_name,domain,severity,execution_mode,slice_name,support_status,encounter_count,positive_count,negative_count,prevalence,roc_auc,pr_auc,brier_score,log_loss,mean_predicted_probability,calibration_in_the_large_gap,true_positive,false_positive,true_negative,false_negative,sensitivity,specificity,precision,negative_predictive_value,false_negative_rate,false_positive_rate,predicted_positive_count,predicted_positive_rate,alerts_per_100_patients,number_needed_to_evaluate,synthetic_perturbation_applied,model_retrained,preprocessor_refitted,threshold_retuned,model_recalibrated,locked_test_accessed,external_validation_established,deployment_authorized
D11-STRESS-003,Admission Type Category Stability,category_stability,STRUCTURAL,OBSERVED_POPULATION_SLICE,admission_type_id=1,ADEQUATE_SUPPORT,7905,922,6983,0.11663504111321948,0.6226667459833503,0.18560886051187933,0.10063587754116649,0.3494964929204342,0.11739303081506683,0.0007579897018473447,444,2173,4810,478,0.48156182212581344,0.6888156952599169,0.1696599159342759,0.909606656580938,0.5184381778741866,0.3111843047400831,2617,0.331056293485136,33.1056293485136,5.8941441441441444,False,False,False,False,False,False,False,False
D11-STRESS-003,Admission Type Category Stability,category_stability,STRUCTURAL,OBSERVED_POPULATION_SLICE,admission_type_id=2,ADEQUATE_SUPPORT,2813,313,2500,0.11126910771418415,0.6061514376996805,0.1953343728499366,0.09636460445061415,0.33936124247804406,0.11304519882169412,0.0017760911075099667,151,749,1751,162,0.48242811501597443,0.7004,0.16777777777777778,0.9153162571876634,0.5175718849840255,0.2996,900,0.3199431212228937,31.99431212228937,5.960264900662252,False,False,False,False,False,False,False,False
D11-STRESS-003,Admission Type Category Stability,category_stability,STRUCTURAL,OBSERVED_POPULATION_SLICE,admission_type_id=3,ADEQUATE_SUPPORT,2753,274,2479,0.0995277878677806,0.6119660623691564,0.16398696901844897,0.08783586031320018,0.3158663879280893,0.10642747280126674,0.006899684933486139,109,632,1847,165,0.3978102189781022,0.7450584913271481,0.14709851551956815,0.9179920477137177,0.6021897810218978,0.254941508672852,741,0.2691609153650563,26.916091536505633,6.798165137614679,False,False,False,False,False,False,False,False
D11-STRESS-003,Admission Type Category Stability,category_stability,STRUCTURAL,OBSERVED_POPULATION_SLICE,admission_type_id=5,ADEQUATE_SUPPORT,763,94,669,0.12319790301441677,0.5908707820500588,0.19933121568010423,0.10619225789775243,0.3665903865195924,0.1103739973016054,-0.012823905712811376,36,169,500,58,0.3829787234042553,0.7473841554559043,0.17560975609756097,0.8960573476702509,0.6170212765957447,0.2526158445440957,205,0.2686762778505898,26.86762778505898,5.694444444444445,False,False,False,False,False,False,False,False
D11-STRESS-003,Admission Type Category Stability,category_stability,STRUCTURAL,OBSERVED_POPULATION_SLICE,admission_type_id=6,ADEQUATE_SUPPORT,762,85,677,0.1115485564304462,0.6756712138326527,0.2447304591080045,0.09483785119960034,0.33189662263466074,0.10940232391901843,-0.002146232511427773,45,195,482,40,0.5294117647058824,0.7119645494830132,0.1875,0.9233716475095786,0.47058823529411764,0.2880354505169867,240,0.31496062992125984,31.496062992125985,5.333333333333333,False,False,False,False,False,False,False,False
D11-STRESS-003,Admission Type Category Stability,category_stability,STRUCTURAL,OBSERVED_POPULATION_SLICE,admission_type_id=7,LOW_SUPPORT,4,0,4,0.0,nan,nan,0.0072072205168585285,0.08802317474002397,0.08419606648385525,0.08419606648385525,0,0,4,0,nan,1.0,nan,1.0,nan,0.0,0,0.0,0.0,inf,False,False,False,False,False,False,False,False
D11-STRESS-003,Admission Type Category Stability,category_stability,STRUCTURAL,OBSERVED_POPULATION_SLICE,admission_type_id=8,LOW_SUPPORT,52,4,48,0.07692307692307693,0.546875,0.1150261759444386,0.07246179454130372,0.2753724574901411,0.09291050160446993,0.015987424681392998,0,6,42,4,0.0,0.875,0.0,0.9130434782608695,1.0,0.125,6,0.11538461538461539,11.538461538461538,inf,False,False,False,False,False,False,False,False
D11-STRESS-004,Admission Source Category Stability,category_stability,STRUCTURAL,OBSERVED_POPULATION_SLICE,admission_source_id=1,ADEQUATE_SUPPORT,4363,443,3920,0.10153564061425624,0.5922706385037085,0.15320433702263073,0.08999297757995642,0.32263668701162407,0.10692971223231415,0.005394071618057911,169,1001,2919,274,0.38148984198645597,0.7446428571428572,0.14444444444444443,0.914187284685249,0.618510158013544,0.25535714285714284,1170,0.2681641072656429,26.81641072656429,6.923076923076923,False,False,False,False,False,False,False,False
D11-STRESS-004,Admission Source Category Stability,category_stability,STRUCTURAL,OBSERVED_POPULATION_SLICE,admission_source_id=2,ADEQUATE_SUPPORT,174,25,149,0.14367816091954022,0.5448322147651007,0.2507867166506874,0.12214597992278776,0.4144309244611222,0.09815834708854385,-0.045519813830996375,10,32,117,15,0.4,0.785234899328859,0.23809523809523808,0.8863636363636364,0.6,0.21476510067114093,42,0.2413793103448276,24.137931034482758,4.2,False,False,False,False,False,False,False,False
D11-STRESS-004,Admission Source Category Stability,category_stability,STRUCTURAL,OBSERVED_POPULATION_SLICE,admission_source_id=3,LOW_SUPPORT,16,3,13,0.1875,0.4871794871794871,0.3125,0.15954031457905304,0.5191303074758795,0.13088061567395926,-0.056619384326040745,1,5,8,2,0.3333333333333333,0.6153846153846154,0.16666666666666666,0.8,0.6666666666666666,0.38461538461538464,6,0.375,37.5,6.0,False,False,False,False,False,False,False,False
D11-STRESS-004,Admission Source Category Stability,category_stability,STRUCTURAL,OBSERVED_POPULATION_SLICE,admission_source_id=4,ADEQUATE_SUPPORT,488,47,441,0.09631147540983606,0.685868673710619,0.22042210871940993,0.08339790517885437,0.29952486807165,0.10025668916765784,0.0039452137578217805,23,101,340,24,0.48936170212765956,0.7709750566893424,0.18548387096774194,0.9340659340659341,0.5106382978723404,0.2290249433106576,124,0.2540983606557377,25.40983606557377,5.391304347826087,False,False,False,False,False,False,False,False
D11-STRESS-004,Admission Source Category Stability,category_stability,STRUCTURAL,OBSERVED_POPULATION_SLICE,admission_source_id=5,LOW_SUPPORT,106,13,93,0.12264150943396226,0.6567411083540116,0.3218707426505886,0.10184064624947048,0.35090498293415257,0.12437130110162609,0.0017297916676638214,9,42,51,4,0.6923076923076923,0.5483870967741935,0.17647058823529413,0.9272727272727272,0.3076923076923077,0.45161290322580644,51,0.4811320754716981,48.113207547169814,5.666666666666667,False,False,False,False,False,False,False,False
D11-STRESS-004,Admission Source Category Stability,category_stability,STRUCTURAL,OBSERVED_POPULATION_SLICE,admission_source_id=6,ADEQUATE_SUPPORT,346,42,304,0.12138728323699421,0.5893248746867168,0.16984826635983008,0.10687475631365471,0.37129029189954693,0.10110713130218445,-0.020280151934809768,9,53,251,33,0.21428571428571427,0.8256578947368421,0.14516129032258066,0.8838028169014085,0.7857142857142857,0.17434210526315788,62,0.1791907514450867,17.91907514450867,6.888888888888889,False,False,False,False,False,False,False,False
D11-STRESS-004,Admission Source Category Stability,category_stability,STRUCTURAL,OBSERVED_POPULATION_SLICE,admission_source_id=7,ADEQUATE_SUPPORT,8469,992,7477,0.11713307356240406,0.6314899967426991,0.1976766695601036,0.10047156447422707,0.34864805996410136,0.11939011129671272,0.002257037734308659,505,2429,5048,487,0.5090725806451613,0.6751370870670055,0.17211997273346966,0.9120144534778681,0.4909274193548387,0.3248629129329945,2934,0.34643995749202977,34.64399574920298,5.80990099009901,False,False,False,False,False,False,False,False
D11-STRESS-004,Admission Source Category Stability,category_stability,STRUCTURAL,OBSERVED_POPULATION_SLICE,admission_source_id=8,LOW_SUPPORT,1,1,0,1.0,nan,nan,0.8672125998142604,2.677169504392005,0.06875749677419662,-0.9312425032258034,0,0,0,1,0.0,nan,nan,0.0,1.0,nan,0,0.0,0.0,inf,False,False,False,False,False,False,False,False
D11-STRESS-004,Admission Source Category Stability,category_stability,STRUCTURAL,OBSERVED_POPULATION_SLICE,admission_source_id=9,LOW_SUPPORT,25,3,22,0.12,0.24242424242424238,0.10768921095008052,0.11145081866576918,0.40464259160982813,0.09370999902486801,-0.026290000975131983,0,4,18,3,0.0,0.8181818181818182,0.0,0.8571428571428571,1.0,0.18181818181818182,4,0.16,16.0,inf,False,False,False,False,False,False,False,False
D11-STRESS-004,Admission Source Category Stability,category_stability,STRUCTURAL,OBSERVED_POPULATION_SLICE,admission_source_id=10,LOW_SUPPORT,1,0,1,0.0,nan,nan,0.005429007880764836,0.07653747653442482,0.0736818015575409,0.0736818015575409,0,0,1,0,nan,1.0,nan,1.0,nan,0.0,0,0.0,0.0,inf,False,False,False,False,False,False,False,False
D11-STRESS-004,Admission Source Category Stability,category_stability,STRUCTURAL,OBSERVED_POPULATION_SLICE,admission_source_id=17,ADEQUATE_SUPPORT,1037,118,919,0.11378977820636452,0.6375527931982075,0.19291778429615816,0.09823012943228088,0.3428368862415082,0.1081935658497716,-0.005596212356592911,56,248,671,62,0.4745762711864407,0.7301414581066377,0.18421052631578946,0.9154160982264665,0.5254237288135594,0.26985854189336234,304,0.29315332690453233,29.315332690453232,5.428571428571429,False,False,False,False,False,False,False,False
D11-STRESS-004,Admission Source Category Stability,category_stability,STRUCTURAL,OBSERVED_POPULATION_SLICE,admission_source_id=20,LOW_SUPPORT,23,4,19,0.17391304347826086,0.5921052631578948,0.2662878787878788,0.1462310440239963,0.47328811981309793,0.12148232450303824,-0.052430718975222626,3,8,11,1,0.75,0.5789473684210527,0.2727272727272727,0.9166666666666666,0.25,0.42105263157894735,11,0.4782608695652174,47.82608695652174,3.6666666666666665,False,False,False,False,False,False,False,False
D11-STRESS-004,Admission Source Category Stability,category_stability,STRUCTURAL,OBSERVED_POPULATION_SLICE,admission_source_id=22,LOW_SUPPORT,2,1,1,0.5,0.0,0.5,0.39686437395835683,1.1356007405027404,0.12355000153183937,-0.37644999846816063,0,1,0,1,0.0,0.0,0.0,0.0,1.0,1.0,1,0.5,50.0,inf,False,False,False,False,False,False,False,False
D11-STRESS-004,Admission Source Category Stability,category_stability,STRUCTURAL,OBSERVED_POPULATION_SLICE,admission_source_id=25,LOW_SUPPORT,1,0,1,0.0,nan,nan,0.008708089293220367,0.09796255221711883,0.09331714361906052,0.09331714361906052,0,0,1,0,nan,1.0,nan,1.0,nan,0.0,0,0.0,0.0,inf,False,False,False,False,False,False,False,False
D11-STRESS-005,No Prior Utilization Stability,population_slice_stability,STRUCTURAL,OBSERVED_POPULATION_SLICE,prior_utilization_domain_count=0,ADEQUATE_SUPPORT,8247,691,7556,0.08378804413726204,0.5502746880216717,0.09808275358768745,0.07658455565349151,0.2867090880863467,0.08341672449081691,-0.0003713196464451285,0,1,7555,691,0.0,0.9998676548438327,0.0,0.9162017948096046,1.0,0.00013234515616728428,1,0.00012125621438098702,0.012125621438098703,inf,False,False,False,False,False,False,False,False
D11-STRESS-006,Single-Domain Prior Utilization Stability,population_slice_stability,STRUCTURAL,OBSERVED_POPULATION_SLICE,prior_utilization_domain_count=1,ADEQUATE_SUPPORT,4733,610,4123,0.12888231565603211,0.5909072655196956,0.1831453603240853,0.11061938129648485,0.37755212259800847,0.1356585849562143,0.006776269300182186,421,2400,1723,189,0.6901639344262295,0.4178995876788746,0.14923785891527827,0.9011506276150628,0.30983606557377047,0.5821004123211254,2821,0.596027889287978,59.6027889287978,6.7007125890736345,False,False,False,False,False,False,False,False
D11-STRESS-007,Multi-Domain Prior Utilization Stability,population_slice_stability,STRUCTURAL,OBSERVED_POPULATION_SLICE,prior_utilization_domain_count>=2,ADEQUATE_SUPPORT,2072,391,1681,0.18870656370656372,0.6103814104075792,0.26886044503990375,0.14978087990464628,0.4743311890631435,0.1842283480423125,-0.004478215664251217,364,1523,158,27,0.9309462915601023,0.09399167162403331,0.19289878113407524,0.8540540540540541,0.06905370843989769,0.9060083283759667,1887,0.9107142857142857,91.07142857142857,5.184065934065934,False,False,False,False,False,False,False,False
D11-STRESS-008,Higher Prior Utilization Intensity Stability,population_slice_stability,STRUCTURAL,OBSERVED_POPULATION_SLICE,prior_utilization_intensity>=3,ADEQUATE_SUPPORT,2381,454,1927,0.19067618647627047,0.6289043479056029,0.27679154255463156,0.14997514093152056,0.4731945432936466,0.1909203034446601,0.00024411696838963493,422,1637,290,32,0.9295154185022027,0.15049299429164503,0.2049538610976202,0.9006211180124224,0.07048458149779736,0.8495070057083549,2059,0.8647627047459051,86.4762704745905,4.87914691943128,False,False,False,False,False,False,False,False
D11-STRESS-009,Age Population-Slice Stability,population_slice_stability,STRUCTURAL,OBSERVED_POPULATION_SLICE,age=[0-10),LOW_SUPPORT,25,1,24,0.04,0.04166666666666663,0.041666666666666664,0.03879327036890845,0.1738330149251841,0.0320956040173769,-0.007904395982623103,0,0,24,1,0.0,1.0,nan,0.96,1.0,0.0,0,0.0,0.0,inf,False,False,False,False,False,False,False,False
D11-STRESS-009,Age Population-Slice Stability,population_slice_stability,STRUCTURAL,OBSERVED_POPULATION_SLICE,age=[10-20),LOW_SUPPORT,115,5,110,0.043478260869565216,0.6909090909090909,0.10564518814518814,0.04301253971995314,0.18344747028088487,0.07416252079217331,0.030684259922608093,1,10,100,4,0.2,0.9090909090909091,0.09090909090909091,0.9615384615384616,0.8,0.09090909090909091,11,0.09565217391304348,9.565217391304348,11.0,False,False,False,False,False,False,False,False
D11-STRESS-009,Age Population-Slice Stability,population_slice_stability,STRUCTURAL,OBSERVED_POPULATION_SLICE,age=[20-30),ADEQUATE_SUPPORT,230,21,209,0.09130434782608696,0.7540442014126225,0.2736003116313871,0.07886183088815307,0.28170518591476834,0.14320068524583526,0.051896337419748306,16,64,145,5,0.7619047619047619,0.69377990430622,0.2,0.9666666666666667,0.23809523809523808,0.3062200956937799,80,0.34782608695652173,34.78260869565217,5.0,False,False,False,False,False,False,False,False
D11-STRESS-009,Age Population-Slice Stability,population_slice_stability,STRUCTURAL,OBSERVED_POPULATION_SLICE,age=[30-40),ADEQUATE_SUPPORT,577,67,510,0.11611785095320624,0.6525607257828505,0.20197948248377934,0.0996675682958632,0.3457171666747324,0.1124373642692223,-0.0036804866839839495,33,149,361,34,0.4925373134328358,0.707843137254902,0.1813186813186813,0.9139240506329114,0.5074626865671642,0.29215686274509806,182,0.31542461005199307,31.542461005199307,5.515151515151516,False,False,False,False,False,False,False,False
D11-STRESS-009,Age Population-Slice Stability,population_slice_stability,STRUCTURAL,OBSERVED_POPULATION_SLICE,age=[40-50),ADEQUATE_SUPPORT,1420,153,1267,0.10774647887323943,0.6491300019086824,0.24310183732409357,0.09124669415565295,0.3221597090311932,0.10665808372252004,-0.0010883951507193873,69,286,981,84,0.45098039215686275,0.7742699289660616,0.19436619718309858,0.9211267605633803,0.5490196078431373,0.22573007103393844,355,0.25,25.0,5.144927536231884,False,False,False,False,False,False,False,False
D11-STRESS-009,Age Population-Slice Stability,population_slice_stability,STRUCTURAL,OBSERVED_POPULATION_SLICE,age=[50-60),ADEQUATE_SUPPORT,2656,292,2364,0.10993975903614457,0.6699638411793338,0.23109710512495737,0.09300091852730012,0.32590491481161765,0.1012298126721822,-0.00870994636396237,131,475,1889,161,0.4486301369863014,0.7990693739424704,0.21617161716171618,0.9214634146341464,0.5513698630136986,0.20093062605752962,606,0.22816265060240964,22.816265060240966,4.625954198473282,False,False,False,False,False,False,False,False
D11-STRESS-009,Age Population-Slice Stability,population_slice_stability,STRUCTURAL,OBSERVED_POPULATION_SLICE,age=[60-70),ADEQUATE_SUPPORT,3319,381,2938,0.11479361253389575,0.6202368636867974,0.19352023932426382,0.09898459662718824,0.34554166977047807,0.11343397295737202,-0.0013596395765237274,187,908,2030,194,0.49081364829396323,0.6909462219196733,0.17077625570776256,0.9127697841726619,0.5091863517060368,0.30905377808032675,1095,0.3299186501958421,32.99186501958421,5.855614973262032,False,False,False,False,False,False,False,False
D11-STRESS-009,Age Population-Slice Stability,population_slice_stability,STRUCTURAL,OBSERVED_POPULATION_SLICE,age=[70-80),ADEQUATE_SUPPORT,3815,426,3389,0.11166448230668415,0.5676068805871523,0.15657050368861933,0.09835989364769694,0.3463201553349996,0.11967557432376541,0.008011092017081264,193,1122,2267,233,0.45305164319248825,0.6689288875774565,0.1467680608365019,0.9068,0.5469483568075117,0.3310711124225435,1315,0.34469200524246396,34.469200524246396,6.813471502590674,False,False,False,False,False,False,False,False
D11-STRESS-009,Age Population-Slice Stability,population_slice_stability,STRUCTURAL,OBSERVED_POPULATION_SLICE,age=[80-90),ADEQUATE_SUPPORT,2542,307,2235,0.12077104642014162,0.5668211529632949,0.14974389112989467,0.10585252400237465,0.36647946806804615,0.12339494739938307,0.0026239009792414503,139,824,1411,168,0.4527687296416938,0.6313199105145414,0.14434060228452752,0.8936035465484484,0.5472312703583062,0.3686800894854586,963,0.3788355625491739,37.88355625491739,6.928057553956834,False,False,False,False,False,False,False,False
D11-STRESS-009,Age Population-Slice Stability,population_slice_stability,STRUCTURAL,OBSERVED_POPULATION_SLICE,age=[90-100),ADEQUATE_SUPPORT,353,39,314,0.11048158640226628,0.5477298709782785,0.1373529845935077,0.09775334753499902,0.3450984251897897,0.10636504224525295,-0.004116544157013333,16,86,228,23,0.41025641025641024,0.7261146496815286,0.1568627450980392,0.9083665338645418,0.5897435897435898,0.27388535031847133,102,0.28895184135977336,28.89518413597734,6.375,False,False,False,False,False,False,False,False
