scenario_id,scenario_name,evidence_mode,comparison_reference,direct_baseline_degradation_comparison_permitted,encounter_count,positive_count,perturbed_encounter_count,review_classification,review_trigger_count,review_triggers,roc_auc_adverse_delta,pr_auc_adverse_delta,brier_score_adverse_delta,log_loss_adverse_delta,sensitivity_adverse_delta,specificity_adverse_delta,precision_adverse_delta,predicted_positive_rate_absolute_delta,delta_roc_auc,relative_delta_roc_auc,delta_pr_auc,relative_delta_pr_auc,delta_brier_score,relative_delta_brier_score,delta_log_loss,relative_delta_log_loss,delta_mean_predicted_probability,relative_delta_mean_predicted_probability,delta_sensitivity,relative_delta_sensitivity,delta_specificity,relative_delta_specificity,delta_precision,relative_delta_precision,delta_negative_predictive_value,relative_delta_negative_predictive_value,delta_false_negative_rate,relative_delta_false_negative_rate,delta_false_positive_rate,relative_delta_false_positive_rate,delta_predicted_positive_rate,relative_delta_predicted_positive_rate,delta_alerts_per_100_patients,relative_delta_alerts_per_100_patients,delta_number_needed_to_evaluate,relative_delta_number_needed_to_evaluate,model_retrained,hyperparameters_retuned,preprocessor_refitted,threshold_retuned,model_recalibrated,locked_test_accessed,deployment_authorized,assessment_pathway,slice_name,support_status,prevalence,review_signal_count,review_signals,external_validation_established,temporal_validation_established,geographic_transportability_established,institutional_transportability_established,prospective_validation_established
D11-STRESS-001,Race Unknown-Category Stress,SYNTHETIC_PERTURBATION,AUTHORITATIVE_D11_BASELINE,True,15052,1692,1470,NO_PRE_SPECIFIED_REVIEW_TRIGGER,0,[],0.0002333542135587452,0.0007665115045299986,7.458992805756126e-06,1.1039611804042337e-05,0.004728132387706807,0.0,0.0,0.005514217379750219,-0.0002333542135587452,-0.0003761564985029194,-0.0007665115045299986,-0.004146124614878354,7.458992805756126e-06,7.661053105262797e-05,1.1039611804042337e-05,3.236460422402209e-05,-0.0008631666865840243,-0.007590202766467981,-0.004728132387706807,-0.010191082802547666,0.0056137724550898715,0.007948283170835173,0.0012616236425598837,0.00756813469148343,-6.920686814781973e-05,-7.585911797932381e-05,0.004728132387706863,0.008820286659316442,-0.005613772455089816,-0.019113149847094786,-0.005514217379750219,-0.01762582289233389,-0.5514217379750193,-0.017625822892333807,-0.045058160981727546,-0.0075112882502986035,False,False,False,False,False,False,False,SYNTHETIC_SAME_POPULATION_DEGRADATION,,,,,,,,,,
D11-STRESS-002,Gender Unknown-Category Stress,SYNTHETIC_PERTURBATION,AUTHORITATIVE_D11_BASELINE,True,15052,1692,1505,NO_PRE_SPECIFIED_REVIEW_TRIGGER,0,[],0.0,0.0,0.0,0.0,0.0,0.0,0.0,0.0,3.8575331606227614e-05,6.21816998471926e-05,1.3433725991135459e-05,7.266414355454467e-05,-2.8782123750875632e-06,-2.9561816759970902e-05,-1.070356747445711e-05,-3.1379429933312854e-05,-1.4345184138758738e-06,-1.2614348772703712e-05,0.0,0.0,0.0,0.0,0.0,0.0,0.0,0.0,0.0,0.0,0.0,0.0,0.0,0.0,0.0,0.0,0.0,0.0,False,False,False,False,False,False,False,SYNTHETIC_SAME_POPULATION_DEGRADATION,,,,,,,,,,
D11-STRESS-003,Admission Type Category Stability,OBSERVED_VALIDATION_SLICE,WHOLE_VALIDATION_BASELINE_CONTEXT_ONLY,False,7905,922,,DESCRIPTIVE_HETEROGENEITY_NO_PRE_SPECIFIED_TRIGGER,,,,,,,,,,,0.002302045419938059,0.0037107936957846773,0.0007346524913642849,0.0039737965572934995,0.0032733778525513985,0.03362051984100985,0.008395093143440557,0.024611722933207333,0.0036718677392496013,0.03228834141277283,0.017613831582078243,0.03796509941003361,-0.017471729889783627,-0.024737421717624976,0.002957856048949936,0.017743368324210508,-0.0027011844709812216,-0.0029608256658921975,-0.017613831582078188,-0.0328584377473829,0.017471729889783683,0.05948580818743884,0.018207502626778282,0.05819905065582219,1.8207502626778336,0.058199050655822364,-0.10458197050553686,-0.0174340299101394,False,False,False,False,False,False,False,OBSERVED_SLICE_HETEROGENEITY,admission_type_id=1,ADEQUATE_SUPPORT,0.11663504111321948,0,[],False,False,False,False,False
D11-STRESS-003,Admission Type Category Stability,OBSERVED_VALIDATION_SLICE,WHOLE_VALIDATION_BASELINE_CONTEXT_ONLY,False,2813,313,,DESCRIPTIVE_HETEROGENEITY_NO_PRE_SPECIFIED_TRIGGER,,,,,,,,,,,-0.014213262863731702,-0.02291114057718514,0.010460164829421553,0.05657990339172035,-0.000997895238000937,-0.010249277095312951,-0.0017401572989496072,-0.005101583576283453,-0.0006759642541231126,-0.005944049777897991,0.018480124472239234,0.03983231924462266,-0.0058874251497005314,-0.00833573548113598,0.0010757178924518107,0.006452937013446594,0.0030084161357442074,0.003297588818567437,-0.018480124472239234,-0.03447449901546724,0.005887425149700587,0.020044852191641142,0.0070943303645359945,0.02267654717498318,0.7094330364535999,0.022676547174983193,-0.03846121398742941,-0.0064115635973947946,False,False,False,False,False,False,False,OBSERVED_SLICE_HETEROGENEITY,admission_type_id=2,ADEQUATE_SUPPORT,0.11126910771418415,0,[],False,False,False,False,False
D11-STRESS-003,Admission Type Category Stability,OBSERVED_VALIDATION_SLICE,WHOLE_VALIDATION_BASELINE_CONTEXT_ONLY,False,2753,274,,DESCRIPTIVE_HETEROGENEITY_NO_PRE_SPECIFIED_TRIGGER,,,,,,,,,,,-0.008398638194255792,-0.013538227089046475,-0.02088723900206607,-0.1129808166629077,-0.009526639375414911,-0.09784711162801926,-0.025235011848904365,-0.07398096831441497,-0.007293690274550485,-0.06413661342601486,-0.066137771565633,-0.14255427960388667,0.03877106617744752,0.05489417593585194,-0.019603544365757813,-0.11759629352656503,0.005684206661798474,0.006230579642113355,0.06613777156563305,0.12337939304195274,-0.03877106617744741,-0.13200342612912777,-0.04368787549330139,-0.13964533912193086,-4.368787549330136,-0.1396453391219308,0.7994390229649975,0.1332681318809775,False,False,False,False,False,False,False,OBSERVED_SLICE_HETEROGENEITY,admission_type_id=3,ADEQUATE_SUPPORT,0.0995277878677806,0,[],False,False,False,False,False
D11-STRESS-003,Admission Type Category Stability,OBSERVED_VALIDATION_SLICE,WHOLE_VALIDATION_BASELINE_CONTEXT_ONLY,False,763,94,,DESCRIPTIVE_HETEROGENEITY_NO_PRE_SPECIFIED_TRIGGER,,,,,,,,,,,-0.029493918513353368,-0.04754287032541848,0.014457007659589183,0.0781991593872571,0.00882975820913734,0.0906895184221511,0.02548898674259875,0.07472554131781055,-0.0033471657742118327,-0.029433094805584224,-0.08096926713947988,-0.17452229299363053,0.041096730306203755,0.05818697720335759,0.008907696212235,0.05343482988970015,-0.016250493381668285,-0.01781251092058023,0.08096926713947994,0.1510474090407939,-0.0410967303062037,-0.1399215894217333,-0.04417251300776792,-0.14119445015776655,-4.41725130077679,-0.14119445015776652,-0.30428167020523667,-0.05072438120856037,False,False,False,False,False,False,False,OBSERVED_SLICE_HETEROGENEITY,admission_type_id=5,ADEQUATE_SUPPORT,0.12319790301441677,0,[],False,False,False,False,False
D11-STRESS-003,Admission Type Category Stability,OBSERVED_VALIDATION_SLICE,WHOLE_VALIDATION_BASELINE_CONTEXT_ONLY,False,762,85,,DESCRIPTIVE_HETEROGENEITY_NO_PRE_SPECIFIED_TRIGGER,,,,,,,,,,,0.05530651326924052,0.08915161230000904,0.05985625108748946,0.32376745100564464,-0.0025246484890147497,-0.025930399251139657,-0.00920477714233292,-0.026985456958988876,-0.004318839156798801,-0.0379774444789969,0.06546377416214716,0.14110153615586368,0.005677124333312689,0.008037980192142595,0.020797940114674035,0.12476114649681533,0.011063806457659364,0.012127273229288978,-0.0654637741621471,-0.12212205720215315,-0.005677124333312689,-0.01932884329588622,0.002111839062902132,0.006750350727288786,0.21118390629021633,0.006750350727288886,-0.6653927813163483,-0.1109223472782615,False,False,False,False,False,False,False,OBSERVED_SLICE_HETEROGENEITY,admission_type_id=6,ADEQUATE_SUPPORT,0.1115485564304462,0,[],False,False,False,False,False
D11-STRESS-003,Admission Type Category Stability,OBSERVED_VALIDATION_SLICE,WHOLE_VALIDATION_BASELINE_CONTEXT_ONLY,False,4,0,,INSUFFICIENT_SUPPORT_FOR_STRONG_INTERPRETATION,,,,,,,,,,,nan,nan,nan,nan,-0.09015527917175656,-0.9259753956614849,-0.2530782250369697,-0.7419442582247624,-0.02952509659196198,-0.259627107157511,nan,nan,0.29371257485029945,0.4158541754980925,nan,nan,0.0876921589480808,0.09612123781263245,nan,nan,-0.2937125748502994,-1.0,-0.3128487908583577,-1.0,-31.28487908583577,-1.0,nan,nan,False,False,False,False,False,False,False,OBSERVED_SLICE_HETEROGENEITY,admission_type_id=7,LOW_SUPPORT,0.0,1,"[""LOW_SUPPORT_LIMITS_INTERPRETATION""]",False,False,False,False,False
D11-STRESS-003,Admission Type Category Stability,OBSERVED_VALIDATION_SLICE,WHOLE_VALIDATION_BASELINE_CONTEXT_ONLY,False,52,4,,INSUFFICIENT_SUPPORT_FOR_STRONG_INTERPRETATION,,,,,,,,,,,-0.0734897005634122,-0.11846209253471258,-0.06984803207607644,-0.3778138271636332,-0.024900705147311367,-0.2557525251195157,-0.06572894228685255,-0.19269619629185053,-0.020810661471347303,-0.1829972619737714,-0.4639479905437352,-1.0,0.16871257485029945,0.23887240356083095,-0.16670205988532596,-1.0,0.0007356372089503127,0.0008063475680556469,0.46394799054373526,0.8654906284454246,-0.1687125748502994,-0.574413863404689,-0.19746417547374231,-0.6311808811277912,-19.74641754737423,-0.6311808811277912,nan,nan,False,False,False,False,False,False,False,OBSERVED_SLICE_HETEROGENEITY,admission_type_id=8,LOW_SUPPORT,0.07692307692307693,1,"[""LOW_SUPPORT_LIMITS_INTERPRETATION""]",False,False,False,False,False
D11-STRESS-004,Admission Source Category Stability,OBSERVED_VALIDATION_SLICE,WHOLE_VALIDATION_BASELINE_CONTEXT_ONLY,False,4363,443,,DESCRIPTIVE_HETEROGENEITY_NO_PRE_SPECIFIED_TRIGGER,,,,,,,,,,,-0.02809406205970366,-0.04528636467256885,-0.03166987099788432,-0.1713049718345243,-0.007369522108658669,-0.07569158692749146,-0.018464712765369595,-0.054132620908156674,-0.006791450843503077,-0.05972020211379,-0.08245814855727923,-0.17773144886486175,0.03835543199315661,0.05430569854054391,-0.022257615440881534,-0.13351733899504606,0.0018794436333298137,0.0020600980817645467,0.08245814855727929,0.15382490337256513,-0.03835543199315655,-0.13058832095529346,-0.044684683592714824,-0.14283156879115386,-4.46846835927148,-0.14283156879115377,0.924350808427242,0.1540911838214876,False,False,False,False,False,False,False,OBSERVED_SLICE_HETEROGENEITY,admission_source_id=1,ADEQUATE_SUPPORT,0.10153564061425624,0,[],False,False,False,False,False
D11-STRESS-004,Admission Source Category Stability,OBSERVED_VALIDATION_SLICE,WHOLE_VALIDATION_BASELINE_CONTEXT_ONLY,False,174,25,,DESCRIPTIVE_HETEROGENEITY_NO_PRE_SPECIFIED_TRIGGER,,,,,,,,,,,-0.07553248579831151,-0.12175497047093956,0.06591250863017237,0.3565262528284,0.024783480234172678,0.25454852035881625,0.07332952468412851,0.21497866831408524,-0.015562815987273382,-0.13685065792809156,-0.06394799054373518,-0.1378343949044585,0.07894747417915848,0.11177811096158938,0.07139317820991212,0.42826812253563845,-0.025944204688282846,-0.028437993756984893,0.06394799054373523,0.11929437706725471,-0.07894747417915846,-0.2687916042389289,-0.07146948051353011,-0.2284473605202071,-7.146948051353011,-0.2284473605202071,-1.7987261146496811,-0.29985134848163086,False,False,False,False,False,False,False,OBSERVED_SLICE_HETEROGENEITY,admission_source_id=2,ADEQUATE_SUPPORT,0.14367816091954022,0,[],False,False,False,False,False
D11-STRESS-004,Admission Source Category Stability,OBSERVED_VALIDATION_SLICE,WHOLE_VALIDATION_BASELINE_CONTEXT_ONLY,False,16,3,,INSUFFICIENT_SUPPORT_FOR_STRONG_INTERPRETATION,,,,,,,,,,,-0.13318521338392508,-0.21468857474154626,0.12762579197948495,0.6903385461173829,0.06217781489043796,0.6386218008914639,0.17802890769888585,0.5219237089477737,0.017159452598142028,0.15089058301929187,-0.13061465721040189,-0.28152866242038216,-0.09090280976508514,-0.12870512277040458,-3.539321865930756e-05,-0.00021231422505309464,-0.11230784105191916,-0.123103009749894,0.13061465721040189,0.24366041896361632,0.09090280976508525,0.3094958049086491,0.062151209141642294,0.19866213633467822,6.215120914164231,0.1986621363346783,0.001273885350318693,0.00021235931195586624,False,False,False,False,False,False,False,OBSERVED_SLICE_HETEROGENEITY,admission_source_id=3,LOW_SUPPORT,0.1875,1,"[""LOW_SUPPORT_LIMITS_INTERPRETATION""]",False,False,False,False,False
D11-STRESS-004,Admission Source Category Stability,OBSERVED_VALIDATION_SLICE,WHOLE_VALIDATION_BASELINE_CONTEXT_ONLY,False,488,47,,DESCRIPTIVE_HETEROGENEITY_NO_PRE_SPECIFIED_TRIGGER,,,,,,,,,,,0.0655039731472068,0.10558945905161336,0.03554790069889488,0.19228155771166422,-0.013964594509760717,-0.1434288823152888,-0.041576531705343645,-0.1218890679795676,-0.013464473908159386,-0.11839901689347566,0.02541371158392436,0.05477707006369429,0.06468763153964185,0.09158825321848402,0.018781811082415972,0.1126669406205055,0.02175809301401488,0.02384950784696438,-0.02541371158392436,-0.04740904079382582,-0.0646876315396418,-0.2202412735396571,-0.058750430202619996,-0.18779177647267703,-5.875043020261998,-0.187791776472677,-0.6074217668235944,-0.10125845974867734,False,False,False,False,False,False,False,OBSERVED_SLICE_HETEROGENEITY,admission_source_id=4,ADEQUATE_SUPPORT,0.09631147540983606,0,[],False,False,False,False,False
D11-STRESS-004,Admission Source Category Stability,OBSERVED_VALIDATION_SLICE,WHOLE_VALIDATION_BASELINE_CONTEXT_ONLY,False,106,13,,INSUFFICIENT_SUPPORT_FOR_STRONG_INTERPRETATION,,,,,,,,,,,0.03637640779059936,0.05863713354025864,0.13699653463007358,0.7410256741430985,0.004478146560855392,0.045994572604210124,0.009803583157158902,0.028740964310226574,0.010650138025808858,0.09365132872153685,0.2283597017639571,0.4922097011268986,-0.15790032837550705,-0.2235638392429816,0.009768528349968164,0.05859872611464979,0.014964886220808049,0.016403329608077326,-0.22835970176395703,-0.42600288355525395,0.15790032837550705,0.5376015257637039,0.1682832846133404,0.5379061371841155,16.828328461334046,0.5379061371841156,-0.33205944798301434,-0.055354993983152745,False,False,False,False,False,False,False,OBSERVED_SLICE_HETEROGENEITY,admission_source_id=5,LOW_SUPPORT,0.12264150943396226,1,"[""LOW_SUPPORT_LIMITS_INTERPRETATION""]",False,False,False,False,False
D11-STRESS-004,Admission Source Category Stability,OBSERVED_VALIDATION_SLICE,WHOLE_VALIDATION_BASELINE_CONTEXT_ONLY,False,346,42,,HETEROGENEITY_REVIEW_SIGNAL,,,,,,,,,,,-0.031039825876695404,-0.05003480347689865,-0.015025941660684966,-0.08127657081845388,0.009512256625039628,0.09769938791076382,0.030188892122553268,0.08850415783192404,-0.01261403177363278,-0.11092070668696098,-0.24966227625802093,-0.5381255686988171,0.11937046958714159,0.16901117779612249,-0.02154076956274531,-0.1292171769056913,-0.028505024150510705,-0.031244962355736774,0.24966227625802095,0.4657426366356907,-0.11937046958714151,-0.4064193358012769,-0.133658039413271,-0.4272288828304428,-13.365803941327098,-0.42722888283044275,0.890162774239208,0.14839196809891236,False,False,False,False,False,False,False,OBSERVED_SLICE_HETEROGENEITY,admission_source_id=6,ADEQUATE_SUPPORT,0.12138728323699421,1,"[""SENSITIVITY_HETEROGENEITY""]",False,False,False,False,False
D11-STRESS-004,Admission Source Category Stability,OBSERVED_VALIDATION_SLICE,WHOLE_VALIDATION_BASELINE_CONTEXT_ONLY,False,8469,992,,DESCRIPTIVE_HETEROGENEITY_NO_PRE_SPECIFIED_TRIGGER,,,,,,,,,,,0.011125296179286925,0.01793347714527114,0.012802461539588555,0.06924958152176586,0.003109064785611987,0.03193287760231509,0.007546660187107701,0.02212438938110949,0.0056689482208954894,0.04984954486541819,0.045124590101426054,0.09726217382371069,-0.031150338082695073,-0.04410433624256106,0.005417912848143691,0.032500575289055596,-0.00029338757405106275,-0.00032158835082769625,-0.045124590101426054,-0.08417949994665147,0.031150338082695128,0.10605721630601604,0.033591166633672065,0.10737189215757738,3.3591166633672103,0.10737189215757752,-0.18882512455067157,-0.03147753722070019,False,False,False,False,False,False,False,OBSERVED_SLICE_HETEROGENEITY,admission_source_id=7,ADEQUATE_SUPPORT,0.11713307356240406,0,[],False,False,False,False,False
D11-STRESS-004,Admission Source Category Stability,OBSERVED_VALIDATION_SLICE,WHOLE_VALIDATION_BASELINE_CONTEXT_ONLY,False,1,1,,INSUFFICIENT_SUPPORT_FOR_STRONG_INTERPRETATION,,,,,,,,,,,nan,nan,nan,nan,0.7698501001256453,7.907049455260302,2.3360681046150114,6.848603102016859,-0.0449636663016206,-0.3953852131431648,-0.4639479905437352,-1.0,nan,nan,nan,nan,-0.9123078410519192,-1.0,0.46394799054373526,0.8654906284454246,nan,nan,-0.3128487908583577,-1.0,-31.28487908583577,-1.0,nan,nan,False,False,False,False,False,False,False,OBSERVED_SLICE_HETEROGENEITY,admission_source_id=8,LOW_SUPPORT,1.0,1,"[""LOW_SUPPORT_LIMITS_INTERPRETATION""]",False,False,False,False,False
D11-STRESS-004,Admission Source Category Stability,OBSERVED_VALIDATION_SLICE,WHOLE_VALIDATION_BASELINE_CONTEXT_ONLY,False,25,3,,INSUFFICIENT_SUPPORT_FOR_STRONG_INTERPRETATION,,,,,,,,,,,-0.3779404581391698,-0.6092230228378986,-0.07718499707043452,-0.41750008233636077,0.014088318977154096,0.14469964331453466,0.06354119183283446,0.18628241301377427,-0.020011164050949215,-0.17596693095380928,-0.4639479905437352,-1.0,0.11189439303211768,0.15842614358934848,-0.16670205988532596,-1.0,-0.055164983909062104,-0.060467510446315105,0.46394799054373526,0.8654906284454246,-0.11189439303211757,-0.38096561949772956,-0.1528487908583577,-0.4885708218305373,-15.284879085835769,-0.48857082183053724,nan,nan,False,False,False,False,False,False,False,OBSERVED_SLICE_HETEROGENEITY,admission_source_id=9,LOW_SUPPORT,0.12,1,"[""LOW_SUPPORT_LIMITS_INTERPRETATION""]",False,False,False,False,False
D11-STRESS-004,Admission Source Category Stability,OBSERVED_VALIDATION_SLICE,WHOLE_VALIDATION_BASELINE_CONTEXT_ONLY,False,1,0,,INSUFFICIENT_SUPPORT_FOR_STRONG_INTERPRETATION,,,,,,,,,,,nan,nan,nan,nan,-0.09193349180785025,-0.9442392307292038,-0.26456392324256883,-0.7756166448321122,-0.040039361518276334,-0.3520836441989459,nan,nan,0.29371257485029945,0.4158541754980925,nan,nan,0.0876921589480808,0.09612123781263245,nan,nan,-0.2937125748502994,-1.0,-0.3128487908583577,-1.0,-31.28487908583577,-1.0,nan,nan,False,False,False,False,False,False,False,OBSERVED_SLICE_HETEROGENEITY,admission_source_id=10,LOW_SUPPORT,0.0,1,"[""LOW_SUPPORT_LIMITS_INTERPRETATION""]",False,False,False,False,False
D11-STRESS-004,Admission Source Category Stability,OBSERVED_VALIDATION_SLICE,WHOLE_VALIDATION_BASELINE_CONTEXT_ONLY,False,1037,118,,DESCRIPTIVE_HETEROGENEITY_NO_PRE_SPECIFIED_TRIGGER,,,,,,,,,,,0.01718809263479526,0.02770643239240582,0.008043576275643116,0.04350837448753554,0.0008676297436657904,0.008911333895911108,0.0017354864645145462,0.005087890186464136,-0.005527597226045622,-0.04860658365198398,0.01062828064270549,0.022908345028608522,0.02385403295693711,0.03377383216454852,0.0175084664304635,0.10502849480388869,0.003108257174547324,0.0034070267016048086,-0.010628280642705379,-0.0198269579354548,-0.023854032956937055,-0.0812155658268805,-0.019695463953825376,-0.06295521839731993,-1.9695463953825367,-0.0629552183973199,-0.5701546860782525,-0.09504596062251608,False,False,False,False,False,False,False,OBSERVED_SLICE_HETEROGENEITY,admission_source_id=17,ADEQUATE_SUPPORT,0.11378977820636452,0,[],False,False,False,False,False
D11-STRESS-004,Admission Source Category Stability,OBSERVED_VALIDATION_SLICE,WHOLE_VALIDATION_BASELINE_CONTEXT_ONLY,False,23,4,,INSUFFICIENT_SUPPORT_FOR_STRONG_INTERPRETATION,,,,,,,,,,,-0.028259437405517396,-0.04555294229322254,0.08141367076736375,0.4403733308127517,0.04886854433538122,0.5019236820302754,0.13218672003610427,0.387529104607972,0.007761161427221011,0.06824729203698603,0.2860520094562648,0.6165605095541402,-0.1273400567286479,-0.1802949510274201,0.10602521284194674,0.6360162130862768,0.00435882561474743,0.0047778013282463614,-0.28605200945626474,-0.5336273428886439,0.12734005672864795,0.4335533022157841,0.1654120787068597,0.5287285217021984,16.541207870685973,0.5287285217021985,-2.332059447983015,-0.3887591137538048,False,False,False,False,False,False,False,OBSERVED_SLICE_HETEROGENEITY,admission_source_id=20,LOW_SUPPORT,0.17391304347826086,1,"[""LOW_SUPPORT_LIMITS_INTERPRETATION""]",False,False,False,False,False
D11-STRESS-004,Admission Source Category Stability,OBSERVED_VALIDATION_SLICE,WHOLE_VALIDATION_BASELINE_CONTEXT_ONLY,False,2,1,,INSUFFICIENT_SUPPORT_FOR_STRONG_INTERPRETATION,,,,,,,,,,,-0.6203647005634122,-1.0,0.315125791979485,1.7045416737878127,0.29950187426974173,3.076152268353926,0.7944993407257468,2.32921747388072,0.009828838456022143,0.08642928185204468,-0.4639479905437352,-1.0,-0.7062874251497006,-1.0,-0.16670205988532596,-1.0,-0.9123078410519192,-1.0,0.46394799054373526,0.8654906284454246,0.7062874251497007,2.4046890927624878,0.1871512091416423,0.5982161817795709,18.71512091416423,0.598216181779571,nan,nan,False,False,False,False,False,False,False,OBSERVED_SLICE_HETEROGENEITY,admission_source_id=22,LOW_SUPPORT,0.5,1,"[""LOW_SUPPORT_LIMITS_INTERPRETATION""]",False,False,False,False,False
D11-STRESS-004,Admission Source Category Stability,OBSERVED_VALIDATION_SLICE,WHOLE_VALIDATION_BASELINE_CONTEXT_ONLY,False,1,0,,INSUFFICIENT_SUPPORT_FOR_STRONG_INTERPRETATION,,,,,,,,,,,nan,nan,nan,nan,-0.08865441039539472,-0.9105601302239508,-0.24313884755987483,-0.7128051884830578,-0.02040401945675671,-0.17942148061881386,nan,nan,0.29371257485029945,0.4158541754980925,nan,nan,0.0876921589480808,0.09612123781263245,nan,nan,-0.2937125748502994,-1.0,-0.3128487908583577,-1.0,-31.28487908583577,-1.0,nan,nan,False,False,False,False,False,False,False,OBSERVED_SLICE_HETEROGENEITY,admission_source_id=25,LOW_SUPPORT,0.0,1,"[""LOW_SUPPORT_LIMITS_INTERPRETATION""]",False,False,False,False,False
D11-STRESS-005,No Prior Utilization Stability,OBSERVED_VALIDATION_SLICE,WHOLE_VALIDATION_BASELINE_CONTEXT_ONLY,False,8247,691,,HETEROGENEITY_REVIEW_SIGNAL,,,,,,,,,,,-0.07009001254174052,-0.11298194832504994,-0.0867914544328276,-0.4694622108844764,-0.020777944035123577,-0.21340807910207352,-0.054392311690646955,-0.15946082814731258,-0.030304438585000315,-0.2664802026760536,-0.4639479905437352,-1.0,0.2935802296941321,0.41566679405612605,-0.16670205988532596,-1.0,0.00389395375768542,0.004268245412859294,0.46394799054373526,0.8654906284454246,-0.2935802296941321,-0.9995494058903173,-0.31272753464397673,-0.99961241271207,-31.27275346439767,-0.9996124127120699,nan,nan,False,False,False,False,False,False,False,OBSERVED_SLICE_HETEROGENEITY,prior_utilization_domain_count=0,ADEQUATE_SUPPORT,0.08378804413726204,3,"[""VERY_LOW_ALERT_RATE"", ""SENSITIVITY_HETEROGENEITY"", ""SPECIFICITY_HETEROGENEITY""]",False,False,False,False,False
D11-STRESS-006,Single-Domain Prior Utilization Stability,OBSERVED_VALIDATION_SLICE,WHOLE_VALIDATION_BASELINE_CONTEXT_ONLY,False,4733,610,,HETEROGENEITY_REVIEW_SIGNAL,,,,,,,,,,,-0.029457435043716562,-0.04748406061299662,-0.0017288476964297528,-0.009351481285252655,0.013256881607869767,0.13616003749151828,0.0364507228210148,0.10686183886916228,0.021937421880397073,0.19290535980335977,0.22621594388249427,0.4875890153492743,-0.28838783747082597,-0.4083151238459342,-0.017464200970047694,-0.1047629584305154,-0.011157213436856384,-0.012229658602946754,-0.22621594388249427,-0.4220037233177291,0.288387837470826,0.9818709247222823,0.2831790984296203,0.9051628349039381,28.31790984296203,0.9051628349039382,0.7019864744239532,0.1170225912981107,False,False,False,False,False,False,False,OBSERVED_SLICE_HETEROGENEITY,prior_utilization_domain_count=1,ADEQUATE_SUPPORT,0.12888231565603211,2,"[""SENSITIVITY_HETEROGENEITY"", ""SPECIFICITY_HETEROGENEITY""]",False,False,False,False,False
D11-STRESS-007,Multi-Domain Prior Utilization Stability,OBSERVED_VALIDATION_SLICE,WHOLE_VALIDATION_BASELINE_CONTEXT_ONLY,False,2072,391,,HETEROGENEITY_REVIEW_SIGNAL,,,,,,,,,,,-0.009983290155832991,-0.016092614790567897,0.0839862370193887,0.45428855608711494,0.05241838021603119,0.538383673217879,0.1332297892861498,0.39058704940306077,0.07050718496649527,0.6200005615444555,0.46699830101636713,1.006574681935915,-0.6122957535256672,-0.8669214992690668,0.026196721248749277,0.1571469558730705,-0.0582537869978651,-0.06385321311137332,-0.4669983010163671,-0.8711809540459682,0.6122957535256672,2.0846766735736275,0.597865494855928,1.91103661681279,59.7865494855928,1.9110366168127901,-0.814660180583747,-0.13580553020986227,False,False,False,False,False,False,False,OBSERVED_SLICE_HETEROGENEITY,prior_utilization_domain_count>=2,ADEQUATE_SUPPORT,0.18870656370656372,3,"[""VERY_HIGH_ALERT_RATE"", ""SENSITIVITY_HETEROGENEITY"", ""SPECIFICITY_HETEROGENEITY""]",False,False,False,False,False
D11-STRESS-008,Higher Prior Utilization Intensity Stability,OBSERVED_VALIDATION_SLICE,WHOLE_VALIDATION_BASELINE_CONTEXT_ONLY,False,2381,454,,HETEROGENEITY_REVIEW_SIGNAL,,,,,,,,,,,0.008539647342190704,0.013765527494448085,0.09191733453411652,0.4971885235820276,0.052612641242905475,0.5403789078050719,0.1320931435166529,0.3872547682390432,0.07719914036884287,0.6788458566623581,0.46556742795846745,1.0034905580964675,-0.5557944308580556,-0.7869238656489639,0.03825180121229424,0.2294620788645778,-0.011686723039496805,-0.012810065324026648,-0.4655674279584674,-0.8685116737659613,0.5557944308580556,1.8923072365605562,0.5519139138875474,1.7641554962487498,55.19139138875474,1.76415549624875,-1.1195791952184013,-0.186636158047663,False,False,False,False,False,False,False,OBSERVED_SLICE_HETEROGENEITY,prior_utilization_intensity>=3,ADEQUATE_SUPPORT,0.19067618647627047,3,"[""VERY_HIGH_ALERT_RATE"", ""SENSITIVITY_HETEROGENEITY"", ""SPECIFICITY_HETEROGENEITY""]",False,False,False,False,False
D11-STRESS-009,Age Population-Slice Stability,OBSERVED_VALIDATION_SLICE,WHOLE_VALIDATION_BASELINE_CONTEXT_ONLY,False,25,1,,INSUFFICIENT_SUPPORT_FOR_STRONG_INTERPRETATION,,,,,,,,,,,-0.5786980338967456,-0.9328352070502639,-0.1432075413538484,-0.774621527184349,-0.05856922931970664,-0.6015583978125341,-0.16726838485180956,-0.49037730411299046,-0.08162555905844032,-0.7177692950961208,-0.4639479905437352,-1.0,0.29371257485029945,0.4158541754980925,nan,nan,0.047692158948080765,0.052276388300127104,0.46394799054373526,0.8654906284454246,-0.2937125748502994,-1.0,-0.3128487908583577,-1.0,-31.28487908583577,-1.0,nan,nan,False,False,False,False,False,False,False,OBSERVED_SLICE_HETEROGENEITY,age=[0-10),LOW_SUPPORT,0.04,1,"[""LOW_SUPPORT_LIMITS_INTERPRETATION""]",False,False,False,False,False
D11-STRESS-009,Age Population-Slice Stability,OBSERVED_VALIDATION_SLICE,WHOLE_VALIDATION_BASELINE_CONTEXT_ONLY,False,115,5,,INSUFFICIENT_SUPPORT_FOR_STRONG_INTERPRETATION,,,,,,,,,,,0.07054439034567872,0.11371438491198911,-0.0792290198753269,-0.428556372052369,-0.054349959968661946,-0.5582227258182985,-0.1576539294961088,-0.46219080191163175,-0.03955864228364392,-0.34785646940025056,-0.2639479905437352,-0.5689171974522292,0.2028034839412085,0.2871401595437204,-0.07579296897623505,-0.4546612623045744,0.049230620486542365,0.053962728665992755,0.2639479905437353,0.4923925027563398,-0.20280348394120848,-0.6904828097488648,-0.21719661694531422,-0.6942542956595603,-21.71966169453142,-0.6942542956595603,5.001273885350319,0.8337226587385858,False,False,False,False,False,False,False,OBSERVED_SLICE_HETEROGENEITY,age=[10-20),LOW_SUPPORT,0.043478260869565216,1,"[""LOW_SUPPORT_LIMITS_INTERPRETATION""]",False,False,False,False,False
D11-STRESS-009,Age Population-Slice Stability,OBSERVED_VALIDATION_SLICE,WHOLE_VALIDATION_BASELINE_CONTEXT_ONLY,False,230,21,,HETEROGENEITY_REVIEW_SIGNAL,,,,,,,,,,,0.13367950084921032,0.21548534390787105,0.08872610361087205,0.47992688953683754,-0.018500668800462014,-0.19001842454364756,-0.05939621386222532,-0.17413066584029724,0.029479522170018035,0.2592263513024767,0.29795677136102666,0.6422202001819837,-0.012507520843480502,-0.01770882561137129,0.033297940114674046,0.19974522292993643,0.054358825614747475,0.059583863218878035,-0.29795677136102666,-0.5558355646558513,0.012507520843480502,0.04258421979329753,0.034977296098164024,0.11180256123796238,3.4977296098164032,0.11180256123796242,-0.9987261146496813,-0.16648970057337012,False,False,False,False,False,False,False,OBSERVED_SLICE_HETEROGENEITY,age=[20-30),ADEQUATE_SUPPORT,0.09130434782608696,2,"[""SENSITIVITY_HETEROGENEITY"", ""ROC_AUC_HETEROGENEITY""]",False,False,False,False,False
D11-STRESS-009,Age Population-Slice Stability,OBSERVED_VALIDATION_SLICE,WHOLE_VALIDATION_BASELINE_CONTEXT_ONLY,False,577,67,,DESCRIPTIVE_HETEROGENEITY_NO_PRE_SPECIFIED_TRIGGER,,,,,,,,,,,0.03219602521943832,0.051898544824033416,0.01710527446326429,0.09252385525495346,0.0023050686072481064,0.023675117366749834,0.004615766897738738,0.013531949445990102,-0.0012837988065949324,-0.011289005246446797,0.0285893228891006,0.06162182716988308,0.0015557121052014455,0.0022026614800223945,0.014616621433355348,0.08768110870021699,0.0016162095809921784,0.0017715616464817827,-0.028589322889100544,-0.05333311392321734,-0.0015557121052013345,-0.005296716036057551,0.0025758191936353647,0.008233431833212892,0.25758191936353825,0.00823343183321295,-0.4835745994981657,-0.08061288184456575,False,False,False,False,False,False,False,OBSERVED_SLICE_HETEROGENEITY,age=[30-40),ADEQUATE_SUPPORT,0.11611785095320624,0,[],False,False,False,False,False
D11-STRESS-009,Age Population-Slice Stability,OBSERVED_VALIDATION_SLICE,WHOLE_VALIDATION_BASELINE_CONTEXT_ONLY,False,1420,153,,DESCRIPTIVE_HETEROGENEITY_NO_PRE_SPECIFIED_TRIGGER,,,,,,,,,,,0.028765301345270222,0.04636837221580421,0.058227629303578526,0.3149581000347931,-0.006115805532962135,-0.0628147957634789,-0.018941690745800488,-0.05553096750169963,-0.007063079353297183,-0.06210875058135195,-0.012967598386872448,-0.02795054327463463,0.06798250381636106,0.09625331188920982,0.027664137297772617,0.16594958284740288,0.008818919511461076,0.009666604971072692,0.012967598386872559,0.024190933264154762,-0.06798250381636095,-0.2314592892422483,-0.0628487908583577,-0.2008919091102145,-6.284879085835769,-0.20089190911021446,-0.8537985784177975,-0.14232998174940986,False,False,False,False,False,False,False,OBSERVED_SLICE_HETEROGENEITY,age=[40-50),ADEQUATE_SUPPORT,0.10774647887323943,0,[],False,False,False,False,False
D11-STRESS-009,Age Population-Slice Stability,OBSERVED_VALIDATION_SLICE,WHOLE_VALIDATION_BASELINE_CONTEXT_ONLY,False,2656,292,,DESCRIPTIVE_HETEROGENEITY_NO_PRE_SPECIFIED_TRIGGER,,,,,,,,,,,0.04959914061592163,0.07995158423887745,0.04622289710444233,0.25002350300434056,-0.004361581161314965,-0.04479734163835338,-0.015196484965376011,-0.044551224284952264,-0.012491350403635026,-0.10984191566267325,-0.015317853557433814,-0.03301631620277454,0.0927819487927698,0.13136570960909333,0.049469557276390214,0.29675432511404015,0.009155573582227183,0.010035618647835497,0.01531785355743387,0.02857531225929229,-0.09278194879276977,-0.3158936890599909,-0.08468614025594806,-0.27069351945902104,-8.468614025594803,-0.270693519459021,-1.372771916176399,-0.22884390617933176,False,False,False,False,False,False,False,OBSERVED_SLICE_HETEROGENEITY,age=[50-60),ADEQUATE_SUPPORT,0.10993975903614457,0,[],False,False,False,False,False
D11-STRESS-009,Age Population-Slice Stability,OBSERVED_VALIDATION_SLICE,WHOLE_VALIDATION_BASELINE_CONTEXT_ONLY,False,3319,381,,DESCRIPTIVE_HETEROGENEITY_NO_PRE_SPECIFIED_TRIGGER,,,,,,,,,,,-0.00012783687661477305,-0.00020606729638013288,0.008646031303748775,0.04676710394772507,0.0016220969385731532,0.016660387148655247,0.0044402699934844025,0.01301744875977459,-0.0002871901184452047,-0.0025253885088542117,0.026865657750228034,0.05790661517628769,-0.0153412032300273,-0.021720906650398976,0.004074195822436594,0.02443998487624703,0.0004619431207426583,0.0005063456653074729,-0.026865657750227978,-0.05011763276007248,0.015341203230027356,0.05223202730712678,0.017069859337484394,0.054562650827737334,1.7069859337484417,0.054562650827737404,-0.14311114138764935,-0.023856922061861276,False,False,False,False,False,False,False,OBSERVED_SLICE_HETEROGENEITY,age=[60-70),ADEQUATE_SUPPORT,0.11479361253389575,0,[],False,False,False,False,False
D11-STRESS-009,Age Population-Slice Stability,OBSERVED_VALIDATION_SLICE,WHOLE_VALIDATION_BASELINE_CONTEXT_ONLY,False,3815,426,,DESCRIPTIVE_HETEROGENEITY_NO_PRE_SPECIFIED_TRIGGER,,,,,,,,,,,-0.052757819976259945,-0.08504323332443892,-0.028303704331895718,-0.15309709577636121,0.0009973939590818548,0.010244128512227212,0.005218755558005939,0.015299718973354765,0.0059544112479481826,0.05235974630314334,-0.010896347351246949,-0.023486139768547565,-0.037358537572244055,-0.05289424141216412,-0.019933999048824064,-0.11957860066358282,-0.005507841051919149,-0.006037261551504849,0.010896347351247004,0.02032703386803741,0.03735853757224411,0.1271942053937771,0.031843214384106255,0.10178468101710922,3.1843214384106275,0.10178468101710929,0.8147453879409925,0.13581973445183249,False,False,False,False,False,False,False,OBSERVED_SLICE_HETEROGENEITY,age=[70-80),ADEQUATE_SUPPORT,0.11166448230668415,0,[],False,False,False,False,False
D11-STRESS-009,Age Population-Slice Stability,OBSERVED_VALIDATION_SLICE,WHOLE_VALIDATION_BASELINE_CONTEXT_ONLY,False,2542,307,,DESCRIPTIVE_HETEROGENEITY_NO_PRE_SPECIFIED_TRIGGER,,,,,,,,,,,-0.05354354760011726,-0.08630979092054927,-0.03513031689062038,-0.1900228120881094,0.008490024313759559,0.08720014729400302,0.02537806829105249,0.07440036396111023,0.009673784323565845,0.08506582294727667,-0.01117926090204141,-0.02409593560032365,-0.07496751463515916,-0.10614306862290446,-0.02236145760079844,-0.13414025967154122,-0.018704294503470775,-0.020502174443556405,0.011179260902041466,0.0208548064457047,0.07496751463515922,0.2552410793898387,0.06598677169081618,0.21092225259931305,6.598677169081618,0.21092225259931308,0.9293314393071528,0.15492146524869715,False,False,False,False,False,False,False,OBSERVED_SLICE_HETEROGENEITY,age=[80-90),ADEQUATE_SUPPORT,0.12077104642014162,0,[],False,False,False,False,False
D11-STRESS-009,Age Population-Slice Stability,OBSERVED_VALIDATION_SLICE,WHOLE_VALIDATION_BASELINE_CONTEXT_ONLY,False,353,39,,DESCRIPTIVE_HETEROGENEITY_NO_PRE_SPECIFIED_TRIGGER,,,,,,,,,,,-0.07263482958513368,-0.11708407896059701,-0.04752122342700735,-0.25704625829544614,0.0003908478463839349,0.004014357146066967,0.0039970254127960625,0.011717997684586607,-0.007356120830564278,-0.06468559265138711,-0.05369158028732496,-0.11572758451739341,0.019827224531828058,0.028072458641926968,-0.009839314787286751,-0.05902335456475581,-0.003941307187377396,-0.004320150512827936,0.053691580287325014,0.10016113985242991,-0.019827224531828058,-0.0675055351032678,-0.02389694949858434,-0.0763849827676134,-2.3896949498584306,-0.07638498276761328,0.3762738853503187,0.06272563176895311,False,False,False,False,False,False,False,OBSERVED_SLICE_HETEROGENEITY,age=[90-100),ADEQUATE_SUPPORT,0.11048158640226628,0,[],False,False,False,False,False
