slice_dimension,slice_value,support,support_adequate,total_variation_distance,spearman_rank_correlation,top_k_jaccard,slice_top_source_family,slice_top_source_family_share,largest_share_shift_family,largest_share_shift,largest_absolute_share_shift,bias_or_unfairness_conclusion,causal_conclusion,source_family_profile
prior_utilization_domain_count,0,8247,True,0.07424089225972255,0.9393939393939394,0.6666666666666666,prior_utilization_intensity,0.3448959806769812,age,0.049599263667552934,0.049599263667552934,False,False,"[{""absolute_attribution_share"": 0.3448959806769812, ""mean_absolute_shap"": 0.18413769250402048, ""mean_signed_shap"": -0.18413769250402048, ""rank"": 1, ""source_feature_family"": ""prior_utilization_intensity""}, {""absolute_attribution_share"": 0.291614185248532, ""mean_absolute_shap"": 0.15569089285327375, ""mean_signed_shap"": -0.15569089285327375, ""rank"": 2, ""source_feature_family"": ""prior_inpatient_use""}, {""absolute_attribution_share"": 0.21302311854017125, ""mean_absolute_shap"": 0.11373163995997687, ""mean_signed_shap"": -0.01207819949994291, ""rank"": 3, ""source_feature_family"": ""age""}, {""absolute_attribution_share"": 0.046173032642311436, ""mean_absolute_shap"": 0.024651478019487087, ""mean_signed_shap"": -0.0006406935058011166, ""rank"": 4, ""source_feature_family"": ""admission_source_id""}, {""absolute_attribution_share"": 0.036980333311774104, ""mean_absolute_shap"": 0.019743556392549516, ""mean_signed_shap"": -0.019743556392549516, ""rank"": 5, ""source_feature_family"": ""prior_utilization_domain_count""}, {""absolute_attribution_share"": 0.03251008074160413, ""mean_absolute_shap"": 0.017356917987643907, ""mean_signed_shap"": 0.017356917987643907, ""rank"": 6, ""source_feature_family"": ""prior_outpatient_use""}, {""absolute_attribution_share"": 0.016707800698354515, ""mean_absolute_shap"": 0.008920184750698647, ""mean_signed_shap"": 0.0005591542498780829, ""rank"": 7, ""source_feature_family"": ""admission_type_id""}, {""absolute_attribution_share"": 0.012592907048047658, ""mean_absolute_shap"": 0.006723270132616753, ""mean_signed_shap"": -0.001678917114113918, ""rank"": 8, ""source_feature_family"": ""race""}, {""absolute_attribution_share"": 0.005162083349305914, ""mean_absolute_shap"": 0.0027560023012992347, ""mean_signed_shap"": 2.260589569441898e-05, ""rank"": 9, ""source_feature_family"": ""gender""}, {""absolute_attribution_share"": 0.000340477742917822, ""mean_absolute_shap"": 0.00018177882446412973, ""mean_signed_shap"": 0.00013596556456663158, ""rank"": 10, ""source_feature_family"": ""prior_emergency_use""}]"
prior_utilization_domain_count,1,4733,True,0.09795930676609133,1.0,1.0,prior_inpatient_use,0.3957083201853925,prior_inpatient_use,0.05933850731240997,0.05933850731240997,False,False,"[{""absolute_attribution_share"": 0.3957083201853925, ""mean_absolute_shap"": 0.22113519728171152, ""mean_signed_shap"": 0.10994273355514435, ""rank"": 1, ""source_feature_family"": ""prior_inpatient_use""}, {""absolute_attribution_share"": 0.2771416168623792, ""mean_absolute_shap"": 0.15487611200876916, ""mean_signed_shap"": 0.004924127233080675, ""rank"": 2, ""source_feature_family"": ""prior_utilization_intensity""}, {""absolute_attribution_share"": 0.1284926906875402, ""mean_absolute_shap"": 0.0718060628372303, ""mean_signed_shap"": -0.0010360763588499627, ""rank"": 3, ""source_feature_family"": ""age""}, {""absolute_attribution_share"": 0.07557389101943528, ""mean_absolute_shap"": 0.04223324718595672, ""mean_signed_shap"": 0.017223972883472955, ""rank"": 4, ""source_feature_family"": ""prior_outpatient_use""}, {""absolute_attribution_share"": 0.05881429751255096, ""mean_absolute_shap"": 0.03286741930857016, ""mean_signed_shap"": 0.032862643548882686, ""rank"": 5, ""source_feature_family"": ""prior_utilization_domain_count""}, {""absolute_attribution_share"": 0.03180195779014373, ""mean_absolute_shap"": 0.017772009965757854, ""mean_signed_shap"": -0.0004026094895303988, ""rank"": 6, ""source_feature_family"": ""admission_source_id""}, {""absolute_attribution_share"": 0.016222989867042768, ""mean_absolute_shap"": 0.009065955608582981, ""mean_signed_shap"": 7.523000793272957e-05, ""rank"": 7, ""source_feature_family"": ""admission_type_id""}, {""absolute_attribution_share"": 0.00771764612547995, ""mean_absolute_shap"": 0.004312881765308522, ""mean_signed_shap"": -7.648290411103031e-05, ""rank"": 8, ""source_feature_family"": ""race""}, {""absolute_attribution_share"": 0.0056789941324563425, ""mean_absolute_shap"": 0.003173614058087157, ""mean_signed_shap"": -0.000154928720053004, ""rank"": 9, ""source_feature_family"": ""gender""}, {""absolute_attribution_share"": 0.0028475958175789174, ""mean_absolute_shap"": 0.0015913328853026628, ""mean_signed_shap"": -0.00041133864618839405, ""rank"": 10, ""source_feature_family"": ""prior_emergency_use""}]"
prior_utilization_domain_count,2,1705,True,0.12742288873893304,0.9393939393939394,0.6666666666666666,prior_utilization_intensity,0.38016776539815966,age,-0.07456098206126106,0.07456098206126106,False,False,"[{""absolute_attribution_share"": 0.38016776539815966, ""mean_absolute_shap"": 0.2851009753311484, ""mean_signed_shap"": 0.2851009753311484, ""rank"": 1, ""source_feature_family"": ""prior_utilization_intensity""}, {""absolute_attribution_share"": 0.37668933371914, ""mean_absolute_shap"": 0.28249237893089174, ""mean_signed_shap"": 0.23165747487475097, ""rank"": 2, ""source_feature_family"": ""prior_inpatient_use""}, {""absolute_attribution_share"": 0.09471567212561087, ""mean_absolute_shap"": 0.0710305632406141, ""mean_signed_shap"": -0.014997610622399713, ""rank"": 3, ""source_feature_family"": ""prior_outpatient_use""}, {""absolute_attribution_share"": 0.08886287281135725, ""mean_absolute_shap"": 0.06664134630854841, ""mean_signed_shap"": -0.011372447833786058, ""rank"": 4, ""source_feature_family"": ""age""}, {""absolute_attribution_share"": 0.018946246284334108, ""mean_absolute_shap"": 0.014208446339132859, ""mean_signed_shap"": -0.0011465941610015672, ""rank"": 5, ""source_feature_family"": ""admission_source_id""}, {""absolute_attribution_share"": 0.01425685032035969, ""mean_absolute_shap"": 0.010691705876819245, ""mean_signed_shap"": -0.0027152199385262845, ""rank"": 6, ""source_feature_family"": ""admission_type_id""}, {""absolute_attribution_share"": 0.009292837539017123, ""mean_absolute_shap"": 0.00696902075112262, ""mean_signed_shap"": 0.0034510718108068804, ""rank"": 7, ""source_feature_family"": ""prior_utilization_domain_count""}, {""absolute_attribution_share"": 0.007226408628676314, ""mean_absolute_shap"": 0.005419334135337023, ""mean_signed_shap"": 0.00019037983728863934, ""rank"": 8, ""source_feature_family"": ""race""}, {""absolute_attribution_share"": 0.0066818060938692424, ""mean_absolute_shap"": 0.005010917830817631, ""mean_signed_shap"": -0.00026662859740008836, ""rank"": 9, ""source_feature_family"": ""gender""}, {""absolute_attribution_share"": 0.0031602070794757115, ""mean_absolute_shap"": 0.002369948750555712, ""mean_signed_shap"": -0.0007993762193949582, ""rank"": 10, ""source_feature_family"": ""prior_emergency_use""}]"
prior_utilization_domain_count,3,367,True,0.1416913651027532,0.9515151515151515,1.0,prior_utilization_intensity,0.43317394803188386,prior_utilization_intensity,0.09976139597515221,0.09976139597515221,False,False,"[{""absolute_attribution_share"": 0.43317394803188386, ""mean_absolute_shap"": 0.45538370144789486, ""mean_signed_shap"": 0.45538370144789486, ""rank"": 1, ""source_feature_family"": ""prior_utilization_intensity""}, {""absolute_attribution_share"": 0.3067126710522175, ""mean_absolute_shap"": 0.32243848472265196, ""mean_signed_shap"": 0.32243848472265196, ""rank"": 2, ""source_feature_family"": ""prior_inpatient_use""}, {""absolute_attribution_share"": 0.08396024280066214, ""mean_absolute_shap"": 0.08826506375728593, ""mean_signed_shap"": -0.03272800047082577, ""rank"": 3, ""source_feature_family"": ""age""}, {""absolute_attribution_share"": 0.08142534504621299, ""mean_absolute_shap"": 0.08560019638135583, ""mean_signed_shap"": -0.08560019638135583, ""rank"": 4, ""source_feature_family"": ""prior_outpatient_use""}, {""absolute_attribution_share"": 0.053314729411322016, ""mean_absolute_shap"": 0.0560482894489161, ""mean_signed_shap"": 0.0560482894489161, ""rank"": 5, ""source_feature_family"": ""prior_utilization_domain_count""}, {""absolute_attribution_share"": 0.013419494260353432, ""mean_absolute_shap"": 0.014107540390191525, ""mean_signed_shap"": -0.0023618402435850996, ""rank"": 6, ""source_feature_family"": ""admission_source_id""}, {""absolute_attribution_share"": 0.013045292458235243, ""mean_absolute_shap"": 0.013714152462521159, ""mean_signed_shap"": -0.006430842470091721, ""rank"": 7, ""source_feature_family"": ""admission_type_id""}, {""absolute_attribution_share"": 0.0063007271374385535, ""mean_absolute_shap"": 0.006623778873813473, ""mean_signed_shap"": 0.0004595382133059772, ""rank"": 8, ""source_feature_family"": ""gender""}, {""absolute_attribution_share"": 0.005367407313501428, ""mean_absolute_shap"": 0.005642605749274825, ""mean_signed_shap"": 0.005258755546985626, ""rank"": 9, ""source_feature_family"": ""prior_emergency_use""}, {""absolute_attribution_share"": 0.0032801424881728158, ""mean_absolute_shap"": 0.0034483223987207532, ""mean_signed_shap"": 0.0002703123850340846, ""rank"": 10, ""source_feature_family"": ""race""}]"
prior_utilization_intensity_band,0,8247,True,0.07424089225972255,0.9393939393939394,0.6666666666666666,prior_utilization_intensity,0.3448959806769812,age,0.049599263667552934,0.049599263667552934,False,False,"[{""absolute_attribution_share"": 0.3448959806769812, ""mean_absolute_shap"": 0.18413769250402048, ""mean_signed_shap"": -0.18413769250402048, ""rank"": 1, ""source_feature_family"": ""prior_utilization_intensity""}, {""absolute_attribution_share"": 0.291614185248532, ""mean_absolute_shap"": 0.15569089285327375, ""mean_signed_shap"": -0.15569089285327375, ""rank"": 2, ""source_feature_family"": ""prior_inpatient_use""}, {""absolute_attribution_share"": 0.21302311854017125, ""mean_absolute_shap"": 0.11373163995997687, ""mean_signed_shap"": -0.01207819949994291, ""rank"": 3, ""source_feature_family"": ""age""}, {""absolute_attribution_share"": 0.046173032642311436, ""mean_absolute_shap"": 0.024651478019487087, ""mean_signed_shap"": -0.0006406935058011166, ""rank"": 4, ""source_feature_family"": ""admission_source_id""}, {""absolute_attribution_share"": 0.036980333311774104, ""mean_absolute_shap"": 0.019743556392549516, ""mean_signed_shap"": -0.019743556392549516, ""rank"": 5, ""source_feature_family"": ""prior_utilization_domain_count""}, {""absolute_attribution_share"": 0.03251008074160413, ""mean_absolute_shap"": 0.017356917987643907, ""mean_signed_shap"": 0.017356917987643907, ""rank"": 6, ""source_feature_family"": ""prior_outpatient_use""}, {""absolute_attribution_share"": 0.016707800698354515, ""mean_absolute_shap"": 0.008920184750698647, ""mean_signed_shap"": 0.0005591542498780829, ""rank"": 7, ""source_feature_family"": ""admission_type_id""}, {""absolute_attribution_share"": 0.012592907048047658, ""mean_absolute_shap"": 0.006723270132616753, ""mean_signed_shap"": -0.001678917114113918, ""rank"": 8, ""source_feature_family"": ""race""}, {""absolute_attribution_share"": 0.005162083349305914, ""mean_absolute_shap"": 0.0027560023012992347, ""mean_signed_shap"": 2.260589569441898e-05, ""rank"": 9, ""source_feature_family"": ""gender""}, {""absolute_attribution_share"": 0.000340477742917822, ""mean_absolute_shap"": 0.00018177882446412973, ""mean_signed_shap"": 0.00013596556456663158, ""rank"": 10, ""source_feature_family"": ""prior_emergency_use""}]"
prior_utilization_intensity_band,1,2935,True,0.09869357167149075,1.0,1.0,prior_inpatient_use,0.40506789429353823,prior_utilization_intensity,-0.08722764691315121,0.08722764691315121,False,False,"[{""absolute_attribution_share"": 0.40506789429353823, ""mean_absolute_shap"": 0.1989539849646453, ""mean_signed_shap"": 0.10224471051099962, ""rank"": 1, ""source_feature_family"": ""prior_inpatient_use""}, {""absolute_attribution_share"": 0.24618490514358043, ""mean_absolute_shap"": 0.12091668731702755, ""mean_signed_shap"": -0.1208968540605989, ""rank"": 2, ""source_feature_family"": ""prior_utilization_intensity""}, {""absolute_attribution_share"": 0.15274627269952656, ""mean_absolute_shap"": 0.07502317530020054, ""mean_signed_shap"": -0.0022615217134078153, ""rank"": 3, ""source_feature_family"": ""age""}, {""absolute_attribution_share"": 0.06089264973063951, ""mean_absolute_shap"": 0.02990815981626003, ""mean_signed_shap"": 0.01384826121340923, ""rank"": 4, ""source_feature_family"": ""prior_outpatient_use""}, {""absolute_attribution_share"": 0.05993233334810137, ""mean_absolute_shap"": 0.029436488835112504, ""mean_signed_shap"": 0.029436488835112504, ""rank"": 5, ""source_feature_family"": ""prior_utilization_domain_count""}, {""absolute_attribution_share"": 0.03822938529094085, ""mean_absolute_shap"": 0.018776823968353718, ""mean_signed_shap"": -0.0005645231938364323, ""rank"": 6, ""source_feature_family"": ""admission_source_id""}, {""absolute_attribution_share"": 0.019439123224085357, ""mean_absolute_shap"": 0.009547759978350525, ""mean_signed_shap"": -0.00014232625151284985, ""rank"": 7, ""source_feature_family"": ""admission_type_id""}, {""absolute_attribution_share"": 0.009198710800859643, ""mean_absolute_shap"": 0.004518057827219767, ""mean_signed_shap"": -4.4689640564600276e-05, ""rank"": 8, ""source_feature_family"": ""race""}, {""absolute_attribution_share"": 0.005518277341655925, ""mean_absolute_shap"": 0.002710368515325875, ""mean_signed_shap"": -0.0001506319370583252, ""rank"": 9, ""source_feature_family"": ""gender""}, {""absolute_attribution_share"": 0.002790448127072047, ""mean_absolute_shap"": 0.0013705622749647056, ""mean_signed_shap"": -0.0011951660508878158, ""rank"": 10, ""source_feature_family"": ""prior_emergency_use""}]"
prior_utilization_intensity_band,2,1489,True,0.15322237145024037,1.0,1.0,prior_inpatient_use,0.4478275728688306,prior_inpatient_use,0.11145775999584812,0.11145775999584812,False,False,"[{""absolute_attribution_share"": 0.4478275728688306, ""mean_absolute_shap"": 0.2451014261545152, ""mean_signed_shap"": 0.1522063398577368, ""rank"": 1, ""source_feature_family"": ""prior_inpatient_use""}, {""absolute_attribution_share"": 0.2345972881437096, ""mean_absolute_shap"": 0.12839792227989238, ""mean_signed_shap"": 0.12839792227989238, ""rank"": 2, ""source_feature_family"": ""prior_utilization_intensity""}, {""absolute_attribution_share"": 0.11865769646029467, ""mean_absolute_shap"": 0.0649427868862963, ""mean_signed_shap"": -0.0009586709146182741, ""rank"": 3, ""source_feature_family"": ""age""}, {""absolute_attribution_share"": 0.0932979105050134, ""mean_absolute_shap"": 0.05106307049278768, ""mean_signed_shap"": 0.007576021258866251, ""rank"": 4, ""source_feature_family"": ""prior_outpatient_use""}, {""absolute_attribution_share"": 0.04508326596724127, ""mean_absolute_shap"": 0.02467461463680511, ""mean_signed_shap"": 0.024509035597411168, ""rank"": 5, ""source_feature_family"": ""prior_utilization_domain_count""}, {""absolute_attribution_share"": 0.02871853575516849, ""mean_absolute_shap"": 0.01571800062593054, ""mean_signed_shap"": -0.0012027106766790581, ""rank"": 6, ""source_feature_family"": ""admission_source_id""}, {""absolute_attribution_share"": 0.015907538064852074, ""mean_absolute_shap"": 0.008706387240350857, ""mean_signed_shap"": -0.0004146018539739454, ""rank"": 7, ""source_feature_family"": ""admission_type_id""}, {""absolute_attribution_share"": 0.008482990423619611, ""mean_absolute_shap"": 0.0046428428637493935, ""mean_signed_shap"": 0.00011240098868765413, ""rank"": 8, ""source_feature_family"": ""race""}, {""absolute_attribution_share"": 0.005157994409269248, ""mean_absolute_shap"": 0.0028230324848246987, ""mean_signed_shap"": -0.00028100956177487193, ""rank"": 9, ""source_feature_family"": ""gender""}, {""absolute_attribution_share"": 0.0022692074020011317, ""mean_absolute_shap"": 0.00124196455101653, ""mean_signed_shap"": 1.1369621613290588e-05, ""rank"": 10, ""source_feature_family"": ""prior_emergency_use""}]"
prior_utilization_intensity_band,3-4,1450,True,0.09179947362342461,1.0,1.0,prior_inpatient_use,0.39122924066262704,age,-0.0673029462357201,0.0673029462357201,False,False,"[{""absolute_attribution_share"": 0.39122924066262704, ""mean_absolute_shap"": 0.26720657530529746, ""mean_signed_shap"": 0.18000680515478398, ""rank"": 1, ""source_feature_family"": ""prior_inpatient_use""}, {""absolute_attribution_share"": 0.32974593971437516, ""mean_absolute_shap"": 0.22521395160206434, ""mean_signed_shap"": 0.22521395160206434, ""rank"": 2, ""source_feature_family"": ""prior_utilization_intensity""}, {""absolute_attribution_share"": 0.09612090863689822, ""mean_absolute_shap"": 0.06564984449679068, ""mean_signed_shap"": -0.0022898706605764315, ""rank"": 3, ""source_feature_family"": ""age""}, {""absolute_attribution_share"": 0.09175978199841717, ""mean_absolute_shap"": 0.06267122840059215, ""mean_signed_shap"": -0.004045342355966568, ""rank"": 4, ""source_feature_family"": ""prior_outpatient_use""}, {""absolute_attribution_share"": 0.038619203120075905, ""mean_absolute_shap"": 0.026376619981822624, ""mean_signed_shap"": 0.025170744866843273, ""rank"": 5, ""source_feature_family"": ""prior_utilization_domain_count""}, {""absolute_attribution_share"": 0.02206201036053864, ""mean_absolute_shap"": 0.015068184123469235, ""mean_signed_shap"": -0.0004799473803591511, ""rank"": 6, ""source_feature_family"": ""admission_source_id""}, {""absolute_attribution_share"": 0.014595463847667505, ""mean_absolute_shap"": 0.009968590034635592, ""mean_signed_shap"": -0.0017459990298385522, ""rank"": 7, ""source_feature_family"": ""admission_type_id""}, {""absolute_attribution_share"": 0.006477657076429087, ""mean_absolute_shap"": 0.00442419017674434, ""mean_signed_shap"": 0.00011773365013768539, ""rank"": 8, ""source_feature_family"": ""race""}, {""absolute_attribution_share"": 0.006076837790966519, ""mean_absolute_shap"": 0.004150433674282073, ""mean_signed_shap"": 3.273754675695994e-05, ""rank"": 9, ""source_feature_family"": ""gender""}, {""absolute_attribution_share"": 0.003312956792004642, ""mean_absolute_shap"": 0.0022627241180302447, ""mean_signed_shap"": 0.0004028719819174951, ""rank"": 10, ""source_feature_family"": ""prior_emergency_use""}]"
prior_utilization_intensity_band,5-7,593,True,0.1736400081248105,0.9636363636363636,1.0,prior_utilization_intensity,0.4607500888246284,prior_utilization_intensity,0.12733753676789678,0.12733753676789678,False,False,"[{""absolute_attribution_share"": 0.4607500888246284, ""mean_absolute_shap"": 0.46353018434614596, ""mean_signed_shap"": 0.46353018434614596, ""rank"": 1, ""source_feature_family"": ""prior_utilization_intensity""}, {""absolute_attribution_share"": 0.3104340616266888, ""mean_absolute_shap"": 0.31230717324486873, ""mean_signed_shap"": 0.24861346760648498, ""rank"": 2, ""source_feature_family"": ""prior_inpatient_use""}, {""absolute_attribution_share"": 0.10021456665300424, ""mean_absolute_shap"": 0.10081924601107785, ""mean_signed_shap"": -0.02079443837096679, ""rank"": 3, ""source_feature_family"": ""prior_outpatient_use""}, {""absolute_attribution_share"": 0.059573163465027335, ""mean_absolute_shap"": 0.05993261881613589, ""mean_signed_shap"": -0.011296576567110913, ""rank"": 4, ""source_feature_family"": ""age""}, {""absolute_attribution_share"": 0.026145479537690242, ""mean_absolute_shap"": 0.026303237359845164, ""mean_signed_shap"": 0.025223905217094097, ""rank"": 5, ""source_feature_family"": ""prior_utilization_domain_count""}, {""absolute_attribution_share"": 0.015750885870571243, ""mean_absolute_shap"": 0.015845924305355735, ""mean_signed_shap"": -0.0023756941436981044, ""rank"": 6, ""source_feature_family"": ""admission_source_id""}, {""absolute_attribution_share"": 0.012775241939625807, ""mean_absolute_shap"": 0.012852325794331638, ""mean_signed_shap"": -0.0038409355785722727, ""rank"": 7, ""source_feature_family"": ""admission_type_id""}, {""absolute_attribution_share"": 0.007884946943629149, ""mean_absolute_shap"": 0.007932523506753221, ""mean_signed_shap"": 4.304736392481432e-05, ""rank"": 8, ""source_feature_family"": ""gender""}, {""absolute_attribution_share"": 0.004059076631246112, ""mean_absolute_shap"": 0.004083568478426892, ""mean_signed_shap"": 0.00022716099370225716, ""rank"": 9, ""source_feature_family"": ""race""}, {""absolute_attribution_share"": 0.0024124885078886742, ""mean_absolute_shap"": 0.0024270450943314533, ""mean_signed_shap"": 0.0014436502230681895, ""rank"": 10, ""source_feature_family"": ""prior_emergency_use""}]"
prior_utilization_intensity_band,8+,338,True,0.20936196737755186,0.9272727272727272,1.0,prior_utilization_intensity,0.512334292230282,prior_utilization_intensity,0.1789217401735504,0.1789217401735504,False,False,"[{""absolute_attribution_share"": 0.512334292230282, ""mean_absolute_shap"": 0.7063402568579779, ""mean_signed_shap"": 0.7063402568579779, ""rank"": 1, ""source_feature_family"": ""prior_utilization_intensity""}, {""absolute_attribution_share"": 0.2684252408808682, ""mean_absolute_shap"": 0.3700700040311503, ""mean_signed_shap"": 0.2914460275388328, ""rank"": 2, ""source_feature_family"": ""prior_inpatient_use""}, {""absolute_attribution_share"": 0.08208259090092838, ""mean_absolute_shap"": 0.11316485977961871, ""mean_signed_shap"": -0.0539075134703669, ""rank"": 3, ""source_feature_family"": ""age""}, {""absolute_attribution_share"": 0.0814176926994963, ""mean_absolute_shap"": 0.11224818413735495, ""mean_signed_shap"": -0.02720008423474766, ""rank"": 4, ""source_feature_family"": ""prior_outpatient_use""}, {""absolute_attribution_share"": 0.023676189122310266, ""mean_absolute_shap"": 0.03264166728576877, ""mean_signed_shap"": 0.022625109454969594, ""rank"": 5, ""source_feature_family"": ""prior_utilization_domain_count""}, {""absolute_attribution_share"": 0.00806498984705428, ""mean_absolute_shap"": 0.011118964876090718, ""mean_signed_shap"": 0.002441221811739675, ""rank"": 6, ""source_feature_family"": ""admission_source_id""}, {""absolute_attribution_share"": 0.0066840710950730855, ""mean_absolute_shap"": 0.009215132708760452, ""mean_signed_shap"": -0.0006854953347655708, ""rank"": 7, ""source_feature_family"": ""gender""}, {""absolute_attribution_share"": 0.006672342598742013, ""mean_absolute_shap"": 0.00919896297498178, ""mean_signed_shap"": -0.0023345043019192004, ""rank"": 8, ""source_feature_family"": ""admission_type_id""}, {""absolute_attribution_share"": 0.006547994157040408, ""mean_absolute_shap"": 0.009027527426779354, ""mean_signed_shap"": 0.0019846007573354947, ""rank"": 9, ""source_feature_family"": ""prior_emergency_use""}, {""absolute_attribution_share"": 0.0040945964682050084, ""mean_absolute_shap"": 0.00564510001563926, ""mean_signed_shap"": -0.0008278477998129136, ""rank"": 10, ""source_feature_family"": ""race""}]"
age,[0-10),25,False,0.49853629837018404,0.8909090909090909,0.6666666666666666,age,0.6619601532428022,age,0.4985362983701839,0.4985362983701839,False,False,"[{""absolute_attribution_share"": 0.6619601532428022, ""mean_absolute_shap"": 0.9934902880985464, ""mean_signed_shap"": -0.9934902880985464, ""rank"": 1, ""source_feature_family"": ""age""}, {""absolute_attribution_share"": 0.15601215166308346, ""mean_absolute_shap"": 0.23414786636829377, ""mean_signed_shap"": -0.23414786636829377, ""rank"": 2, ""source_feature_family"": ""prior_utilization_intensity""}, {""absolute_attribution_share"": 0.11414364946505082, ""mean_absolute_shap"": 0.17131032228469847, ""mean_signed_shap"": -0.13339243292808534, ""rank"": 3, ""source_feature_family"": ""prior_inpatient_use""}, {""absolute_attribution_share"": 0.023155921895270156, ""mean_absolute_shap"": 0.03475312434173247, ""mean_signed_shap"": -0.007578753973866696, ""rank"": 4, ""source_feature_family"": ""admission_source_id""}, {""absolute_attribution_share"": 0.021930736864896643, ""mean_absolute_shap"": 0.03291432872414589, ""mean_signed_shap"": -0.028125865906476973, ""rank"": 5, ""source_feature_family"": ""prior_utilization_domain_count""}, {""absolute_attribution_share"": 0.01200076977186609, ""mean_absolute_shap"": 0.018011126741766928, ""mean_signed_shap"": 0.018011126741766928, ""rank"": 6, ""source_feature_family"": ""prior_outpatient_use""}, {""absolute_attribution_share"": 0.007511888738646669, ""mean_absolute_shap"": 0.011274075139663182, ""mean_signed_shap"": 0.010366695825068746, ""rank"": 7, ""source_feature_family"": ""admission_type_id""}, {""absolute_attribution_share"": 0.0016427350310976123, ""mean_absolute_shap"": 0.0024654675833880903, ""mean_signed_shap"": -0.0005410016560927033, ""rank"": 8, ""source_feature_family"": ""gender""}, {""absolute_attribution_share"": 0.0014959005013993846, ""mean_absolute_shap"": 0.00224509377614595, ""mean_signed_shap"": 0.0005762006768782157, ""rank"": 9, ""source_feature_family"": ""race""}, {""absolute_attribution_share"": 0.00014609282588693657, ""mean_absolute_shap"": 0.00021926063520368187, ""mean_signed_shap"": -4.610104311723262e-05, ""rank"": 10, ""source_feature_family"": ""prior_emergency_use""}]"
age,[10-20),115,True,0.26291122908414294,0.8666666666666667,0.6666666666666666,age,0.40970588458650126,age,0.24628202971388294,0.24628202971388294,False,False,"[{""absolute_attribution_share"": 0.40970588458650126, ""mean_absolute_shap"": 0.35907114743560037, ""mean_signed_shap"": -0.35907114743560037, ""rank"": 1, ""source_feature_family"": ""age""}, {""absolute_attribution_share"": 0.2509236136778634, ""mean_absolute_shap"": 0.21991246226041214, ""mean_signed_shap"": -0.1294302708428839, ""rank"": 2, ""source_feature_family"": ""prior_utilization_intensity""}, {""absolute_attribution_share"": 0.2192366311687687, ""mean_absolute_shap"": 0.192141611031864, ""mean_signed_shap"": -0.07038558682669764, ""rank"": 3, ""source_feature_family"": ""prior_inpatient_use""}, {""absolute_attribution_share"": 0.03077725641093815, ""mean_absolute_shap"": 0.026973556373369595, ""mean_signed_shap"": 0.0020382451085859668, ""rank"": 4, ""source_feature_family"": ""admission_type_id""}, {""absolute_attribution_share"": 0.030108113328789318, ""mean_absolute_shap"": 0.026387111356724863, ""mean_signed_shap"": 0.01504066213965416, ""rank"": 5, ""source_feature_family"": ""prior_outpatient_use""}, {""absolute_attribution_share"": 0.026562664194669888, ""mean_absolute_shap"": 0.0232798372445952, ""mean_signed_shap"": -0.00565596317730682, ""rank"": 6, ""source_feature_family"": ""prior_utilization_domain_count""}, {""absolute_attribution_share"": 0.019106708239455733, ""mean_absolute_shap"": 0.01674534808838001, ""mean_signed_shap"": 0.0013852574258635287, ""rank"": 7, ""source_feature_family"": ""admission_source_id""}, {""absolute_attribution_share"": 0.006382902888585354, ""mean_absolute_shap"": 0.005594052588450089, ""mean_signed_shap"": 0.0006956215822435257, ""rank"": 8, ""source_feature_family"": ""race""}, {""absolute_attribution_share"": 0.003628705991677467, ""mean_absolute_shap"": 0.0031802414198983057, ""mean_signed_shap"": -0.000945393477045202, ""rank"": 9, ""source_feature_family"": ""prior_emergency_use""}, {""absolute_attribution_share"": 0.0035675195127506435, ""mean_absolute_shap"": 0.0031266168564679504, ""mean_signed_shap"": -0.0009308106574715803, ""rank"": 10, ""source_feature_family"": ""gender""}]"
age,[20-30),230,True,0.06885632114784385,0.9878787878787879,1.0,prior_inpatient_use,0.36495515610683976,age,-0.04674009285909761,0.04674009285909761,False,False,"[{""absolute_attribution_share"": 0.36495515610683976, ""mean_absolute_shap"": 0.2706933359089105, ""mean_signed_shap"": -0.015200642723104228, ""rank"": 1, ""source_feature_family"": ""prior_inpatient_use""}, {""absolute_attribution_share"": 0.3631751958190359, ""mean_absolute_shap"": 0.2693731096289728, ""mean_signed_shap"": 0.0036750514060258864, ""rank"": 2, ""source_feature_family"": ""prior_utilization_intensity""}, {""absolute_attribution_share"": 0.11668376201352071, ""mean_absolute_shap"": 0.08654629550320628, ""mean_signed_shap"": 0.06306035250546183, ""rank"": 3, ""source_feature_family"": ""age""}, {""absolute_attribution_share"": 0.05006648212782973, ""mean_absolute_shap"": 0.03713514616146036, ""mean_signed_shap"": 0.017960854838399782, ""rank"": 4, ""source_feature_family"": ""prior_outpatient_use""}, {""absolute_attribution_share"": 0.03895110406300017, ""mean_absolute_shap"": 0.028890684566905966, ""mean_signed_shap"": 0.0010352191920189754, ""rank"": 5, ""source_feature_family"": ""prior_utilization_domain_count""}, {""absolute_attribution_share"": 0.029292916782917646, ""mean_absolute_shap"": 0.021727045719964498, ""mean_signed_shap"": -0.0005229030378240682, ""rank"": 6, ""source_feature_family"": ""admission_source_id""}, {""absolute_attribution_share"": 0.01918877195380191, ""mean_absolute_shap"": 0.01423263270912487, ""mean_signed_shap"": -0.004293163623167303, ""rank"": 7, ""source_feature_family"": ""race""}, {""absolute_attribution_share"": 0.00912368428956372, ""mean_absolute_shap"": 0.006767189049930059, ""mean_signed_shap"": 0.00031842687999217203, ""rank"": 8, ""source_feature_family"": ""admission_type_id""}, {""absolute_attribution_share"": 0.006542021602617324, ""mean_absolute_shap"": 0.004852326708003048, ""mean_signed_shap"": -0.0030959624338404114, ""rank"": 9, ""source_feature_family"": ""gender""}, {""absolute_attribution_share"": 0.00202090524087333, ""mean_absolute_shap"": 0.0014989391766468305, ""mean_signed_shap"": 0.0005232853652990383, ""rank"": 10, ""source_feature_family"": ""prior_emergency_use""}]"
age,[30-40),577,True,0.062212372312332606,0.9878787878787879,0.6666666666666666,prior_inpatient_use,0.3796390690879779,prior_inpatient_use,0.04326925621499539,0.04326925621499539,False,False,"[{""absolute_attribution_share"": 0.3796390690879779, ""mean_absolute_shap"": 0.2555093075208482, ""mean_signed_shap"": -0.04470324299364404, ""rank"": 1, ""source_feature_family"": ""prior_inpatient_use""}, {""absolute_attribution_share"": 0.3106795865146769, ""mean_absolute_shap"": 0.20909735713431699, ""mean_signed_shap"": -0.05416228443358345, ""rank"": 2, ""source_feature_family"": ""prior_utilization_intensity""}, {""absolute_attribution_share"": 0.13284589932048485, ""mean_absolute_shap"": 0.08940956425771696, ""mean_signed_shap"": -0.05301926870065417, ""rank"": 3, ""source_feature_family"": ""age""}, {""absolute_attribution_share"": 0.05038041220327165, ""mean_absolute_shap"": 0.03390763828811757, ""mean_signed_shap"": 0.01446104589107235, ""rank"": 4, ""source_feature_family"": ""prior_outpatient_use""}, {""absolute_attribution_share"": 0.04735850852344965, ""mean_absolute_shap"": 0.03187379988871119, ""mean_signed_shap"": 0.0006342058271284463, ""rank"": 5, ""source_feature_family"": ""admission_source_id""}, {""absolute_attribution_share"": 0.043217608992003255, ""mean_absolute_shap"": 0.029086841280012033, ""mean_signed_shap"": -0.00046437556179082165, ""rank"": 6, ""source_feature_family"": ""prior_utilization_domain_count""}, {""absolute_attribution_share"": 0.021038384665190646, ""mean_absolute_shap"": 0.014159509741907965, ""mean_signed_shap"": 0.0007829399853566732, ""rank"": 7, ""source_feature_family"": ""admission_type_id""}, {""absolute_attribution_share"": 0.007860051709621176, ""mean_absolute_shap"": 0.005290067679883486, ""mean_signed_shap"": -8.799682478856237e-06, ""rank"": 8, ""source_feature_family"": ""race""}, {""absolute_attribution_share"": 0.005391375842048317, ""mean_absolute_shap"": 0.003628569396968892, ""mean_signed_shap"": -0.00022247721301068906, ""rank"": 9, ""source_feature_family"": ""gender""}, {""absolute_attribution_share"": 0.001589103141275716, ""mean_absolute_shap"": 0.0010695175398622342, ""mean_signed_shap"": -3.212770334704403e-05, ""rank"": 10, ""source_feature_family"": ""prior_emergency_use""}]"
age,[40-50),1420,True,0.04852275048850135,0.9878787878787879,1.0,prior_utilization_intensity,0.34325744500421734,age,0.03250938310723725,0.03250938310723725,False,False,"[{""absolute_attribution_share"": 0.34325744500421734, ""mean_absolute_shap"": 0.2256186115962099, ""mean_signed_shap"": -0.04102098338935577, ""rank"": 1, ""source_feature_family"": ""prior_utilization_intensity""}, {""absolute_attribution_share"": 0.3074172780362492, ""mean_absolute_shap"": 0.20206134043319124, ""mean_signed_shap"": -0.014242490569890385, ""rank"": 2, ""source_feature_family"": ""prior_inpatient_use""}, {""absolute_attribution_share"": 0.19593323797985557, ""mean_absolute_shap"": 0.12878434470087508, ""mean_signed_shap"": -0.12878434470087508, ""rank"": 3, ""source_feature_family"": ""age""}, {""absolute_attribution_share"": 0.04521402833915634, ""mean_absolute_shap"": 0.029718587162550276, ""mean_signed_shap"": 0.012645115635790665, ""rank"": 4, ""source_feature_family"": ""prior_outpatient_use""}, {""absolute_attribution_share"": 0.03785503867438645, ""mean_absolute_shap"": 0.02488161988017759, ""mean_signed_shap"": 0.000571775001114641, ""rank"": 5, ""source_feature_family"": ""prior_utilization_domain_count""}, {""absolute_attribution_share"": 0.031052926452692642, ""mean_absolute_shap"": 0.020410680829281515, ""mean_signed_shap"": 0.00021609787438368148, ""rank"": 6, ""source_feature_family"": ""admission_source_id""}, {""absolute_attribution_share"": 0.015886573636739686, ""mean_absolute_shap"": 0.010442036259106112, ""mean_signed_shap"": -0.00017221270507972395, ""rank"": 7, ""source_feature_family"": ""admission_type_id""}, {""absolute_attribution_share"": 0.015372982588244159, ""mean_absolute_shap"": 0.01010445960643255, ""mean_signed_shap"": -0.001633892437962779, ""rank"": 8, ""source_feature_family"": ""race""}, {""absolute_attribution_share"": 0.0063008225732976405, ""mean_absolute_shap"": 0.004141447946989194, ""mean_signed_shap"": -3.3101227161520436e-05, ""rank"": 9, ""source_feature_family"": ""gender""}, {""absolute_attribution_share"": 0.0017096667151610336, ""mean_absolute_shap"": 0.0011237414837780024, ""mean_signed_shap"": -1.152903647559636e-05, ""rank"": 10, ""source_feature_family"": ""prior_emergency_use""}]"
age,[50-60),2656,True,0.09367329358206615,1.0,1.0,prior_inpatient_use,0.31607679472540373,age,0.09347085809551572,0.09347085809551572,False,False,"[{""absolute_attribution_share"": 0.31607679472540373, ""mean_absolute_shap"": 0.2237712243594319, ""mean_signed_shap"": -0.0181725310745189, ""rank"": 1, ""source_feature_family"": ""prior_inpatient_use""}, {""absolute_attribution_share"": 0.3012187532119526, ""mean_absolute_shap"": 0.21325225493006678, ""mean_signed_shap"": -0.04519750462867409, ""rank"": 2, ""source_feature_family"": ""prior_utilization_intensity""}, {""absolute_attribution_share"": 0.25689471296813404, ""mean_absolute_shap"": 0.18187239750480785, ""mean_signed_shap"": -0.18187239750480785, ""rank"": 3, ""source_feature_family"": ""age""}, {""absolute_attribution_share"": 0.05328016478601915, ""mean_absolute_shap"": 0.03772047776742894, ""mean_signed_shap"": 0.012913441959437522, ""rank"": 4, ""source_feature_family"": ""prior_outpatient_use""}, {""absolute_attribution_share"": 0.03558863462226223, ""mean_absolute_shap"": 0.02519549829535153, ""mean_signed_shap"": 0.0010513727090464195, ""rank"": 5, ""source_feature_family"": ""prior_utilization_domain_count""}, {""absolute_attribution_share"": 0.012454807284442296, ""mean_absolute_shap"": 0.008817564344202155, ""mean_signed_shap"": -0.0006866777575019196, ""rank"": 6, ""source_feature_family"": ""admission_source_id""}, {""absolute_attribution_share"": 0.01092988447574057, ""mean_absolute_shap"": 0.007737972771359039, ""mean_signed_shap"": 0.0002620042299428356, ""rank"": 7, ""source_feature_family"": ""admission_type_id""}, {""absolute_attribution_share"": 0.008641098951149713, ""mean_absolute_shap"": 0.006117593332941895, ""mean_signed_shap"": -0.0008772894356186963, ""rank"": 8, ""source_feature_family"": ""race""}, {""absolute_attribution_share"": 0.0029746795704985703, ""mean_absolute_shap"": 0.0021059682351744456, ""mean_signed_shap"": 0.00026724433664859103, ""rank"": 9, ""source_feature_family"": ""gender""}, {""absolute_attribution_share"": 0.0019404694043971542, ""mean_absolute_shap"": 0.0013737839085314842, ""mean_signed_shap"": 0.00017739390990623562, ""rank"": 10, ""source_feature_family"": ""prior_emergency_use""}]"
age,[60-70),3319,True,0.15708397331925245,0.8181818181818182,0.6666666666666666,prior_inpatient_use,0.40530582952617844,age,-0.15563449960969417,0.15563449960969417,False,False,"[{""absolute_attribution_share"": 0.40530582952617844, ""mean_absolute_shap"": 0.1935164076389768, ""mean_signed_shap"": -0.017452377104263558, ""rank"": 1, ""source_feature_family"": ""prior_inpatient_use""}, {""absolute_attribution_share"": 0.3981447502889051, ""mean_absolute_shap"": 0.19009729489037594, ""mean_signed_shap"": -0.05724763200046176, ""rank"": 2, ""source_feature_family"": ""prior_utilization_intensity""}, {""absolute_attribution_share"": 0.06843420361649999, ""mean_absolute_shap"": 0.03267444057979922, ""mean_signed_shap"": 0.009106533572697324, ""rank"": 3, ""source_feature_family"": ""prior_outpatient_use""}, {""absolute_attribution_share"": 0.04554782968154567, ""mean_absolute_shap"": 0.021747164076147026, ""mean_signed_shap"": 0.0010806745256775158, ""rank"": 4, ""source_feature_family"": ""prior_utilization_domain_count""}, {""absolute_attribution_share"": 0.03931375205353584, ""mean_absolute_shap"": 0.01877065542606097, ""mean_signed_shap"": -0.0003247281529479914, ""rank"": 5, ""source_feature_family"": ""admission_source_id""}, {""absolute_attribution_share"": 0.014589255404950674, ""mean_absolute_shap"": 0.006965752995445696, ""mean_signed_shap"": 1.1841828187864609e-05, ""rank"": 6, ""source_feature_family"": ""admission_type_id""}, {""absolute_attribution_share"": 0.01183965352137394, ""mean_absolute_shap"": 0.005652934278850438, ""mean_signed_shap"": -0.001346770995375918, ""rank"": 7, ""source_feature_family"": ""race""}, {""absolute_attribution_share"": 0.007789355262924148, ""mean_absolute_shap"": 0.003719088003414663, ""mean_signed_shap"": 0.0023001241621845993, ""rank"": 8, ""source_feature_family"": ""age""}, {""absolute_attribution_share"": 0.0072186680006957726, ""mean_absolute_shap"": 0.00344660894975569, ""mean_signed_shap"": 0.00023148837904441618, ""rank"": 9, ""source_feature_family"": ""gender""}, {""absolute_attribution_share"": 0.0018167026433904122, ""mean_absolute_shap"": 0.0008673987485157515, ""mean_signed_shap"": -4.2372674564146986e-05, ""rank"": 10, ""source_feature_family"": ""prior_emergency_use""}]"
age,[70-80),3815,True,0.019765621094565596,0.9757575757575757,0.6666666666666666,prior_utilization_intensity,0.3258552795068428,prior_inpatient_use,-0.010950841709010006,0.010950841709010006,False,False,"[{""absolute_attribution_share"": 0.3258552795068428, ""mean_absolute_shap"": 0.1765569897112223, ""mean_signed_shap"": -0.06669210287477445, ""rank"": 1, ""source_feature_family"": ""prior_utilization_intensity""}, {""absolute_attribution_share"": 0.3254189711639725, ""mean_absolute_shap"": 0.17632058633694017, ""mean_signed_shap"": -0.015285296699088336, ""rank"": 2, ""source_feature_family"": ""prior_inpatient_use""}, {""absolute_attribution_share"": 0.16467566556675758, ""mean_absolute_shap"": 0.08922562137142895, ""mean_signed_shap"": 0.08922562137142895, ""rank"": 3, ""source_feature_family"": ""age""}, {""absolute_attribution_share"": 0.058303961705307356, ""mean_absolute_shap"": 0.03159062508518074, ""mean_signed_shap"": 0.01075802287025814, ""rank"": 4, ""source_feature_family"": ""prior_outpatient_use""}, {""absolute_attribution_share"": 0.04599661282597578, ""mean_absolute_shap"": 0.024922178673174894, ""mean_signed_shap"": -0.0023275611369000465, ""rank"": 5, ""source_feature_family"": ""admission_source_id""}, {""absolute_attribution_share"": 0.042875741681045715, ""mean_absolute_shap"": 0.023231208327506775, ""mean_signed_shap"": 0.0013044031359866228, ""rank"": 6, ""source_feature_family"": ""prior_utilization_domain_count""}, {""absolute_attribution_share"": 0.02039846501059422, ""mean_absolute_shap"": 0.011052426655326242, ""mean_signed_shap"": -0.0004516409389983782, ""rank"": 7, ""source_feature_family"": ""admission_type_id""}, {""absolute_attribution_share"": 0.008912367874723598, ""mean_absolute_shap"": 0.004828956110644078, ""mean_signed_shap"": -0.0005982999104608253, ""rank"": 8, ""source_feature_family"": ""race""}, {""absolute_attribution_share"": 0.006081912090571086, ""mean_absolute_shap"": 0.003295340471465243, ""mean_signed_shap"": 2.8364460300141517e-05, ""rank"": 9, ""source_feature_family"": ""gender""}, {""absolute_attribution_share"": 0.0014810225742092657, ""mean_absolute_shap"": 0.0008024571146813727, ""mean_signed_shap"": -6.387386257083705e-05, ""rank"": 10, ""source_feature_family"": ""prior_emergency_use""}]"
age,[80-90),2542,True,0.043717085826766866,0.9757575757575757,0.6666666666666666,prior_utilization_intensity,0.31788862573391075,age,0.02445909396970694,0.02445909396970694,False,False,"[{""absolute_attribution_share"": 0.31788862573391075, ""mean_absolute_shap"": 0.17443863137747526, ""mean_signed_shap"": -0.053411278929370865, ""rank"": 1, ""source_feature_family"": ""prior_utilization_intensity""}, {""absolute_attribution_share"": 0.31241768232424494, ""mean_absolute_shap"": 0.17143649854393198, ""mean_signed_shap"": -0.004847498913973359, ""rank"": 2, ""source_feature_family"": ""prior_inpatient_use""}, {""absolute_attribution_share"": 0.18788294884232526, ""mean_absolute_shap"": 0.10309914165552117, ""mean_signed_shap"": 0.1029809969582756, ""rank"": 3, ""source_feature_family"": ""age""}, {""absolute_attribution_share"": 0.059759752904265794, ""mean_absolute_shap"": 0.03279264705998634, ""mean_signed_shap"": 0.009873199379210815, ""rank"": 4, ""source_feature_family"": ""prior_outpatient_use""}, {""absolute_attribution_share"": 0.051810129923473655, ""mean_absolute_shap"": 0.02843036026996743, ""mean_signed_shap"": 0.00044375691034193363, ""rank"": 5, ""source_feature_family"": ""admission_source_id""}, {""absolute_attribution_share"": 0.03844869561649543, ""mean_absolute_shap"": 0.021098388865302308, ""mean_signed_shap"": 0.003287294829889134, ""rank"": 6, ""source_feature_family"": ""prior_utilization_domain_count""}, {""absolute_attribution_share"": 0.016623872376199868, ""mean_absolute_shap"": 0.009122206051893922, ""mean_signed_shap"": -0.0006171011618725233, ""rank"": 7, ""source_feature_family"": ""admission_type_id""}, {""absolute_attribution_share"": 0.007540229473293004, ""mean_absolute_shap"": 0.004137635646939797, ""mean_signed_shap"": -0.0005512091440786967, ""rank"": 8, ""source_feature_family"": ""race""}, {""absolute_attribution_share"": 0.005938410532922792, ""mean_absolute_shap"": 0.003258651370520339, ""mean_signed_shap"": -0.0004497238973626958, ""rank"": 9, ""source_feature_family"": ""gender""}, {""absolute_attribution_share"": 0.0016896522728685045, ""mean_absolute_shap"": 0.0009271820572458464, ""mean_signed_shap"": -0.0001306293296736834, ""rank"": 10, ""source_feature_family"": ""prior_emergency_use""}]"
age,[90-100),353,True,0.13142604608318426,0.9030303030303031,0.6666666666666666,prior_inpatient_use,0.40385930814106663,age,-0.12822613459403723,0.12822613459403723,False,False,"[{""absolute_attribution_share"": 0.40385930814106663, ""mean_absolute_shap"": 0.17714924249196526, ""mean_signed_shap"": -0.03553279504053316, ""rank"": 1, ""source_feature_family"": ""prior_inpatient_use""}, {""absolute_attribution_share"": 0.36417719384853064, ""mean_absolute_shap"": 0.15974304101115921, ""mean_signed_shap"": -0.0918102481378712, ""rank"": 2, ""source_feature_family"": ""prior_utilization_intensity""}, {""absolute_attribution_share"": 0.05976909501883401, ""mean_absolute_shap"": 0.02621717438122875, ""mean_signed_shap"": 0.012476239844143559, ""rank"": 3, ""source_feature_family"": ""prior_outpatient_use""}, {""absolute_attribution_share"": 0.0554447127489351, ""mean_absolute_shap"": 0.024320323106748046, ""mean_signed_shap"": 0.00033924154318790297, ""rank"": 4, ""source_feature_family"": ""admission_source_id""}, {""absolute_attribution_share"": 0.04663746748187545, ""mean_absolute_shap"": 0.020457104416353043, ""mean_signed_shap"": 7.728646409093658e-05, ""rank"": 5, ""source_feature_family"": ""prior_utilization_domain_count""}, {""absolute_attribution_share"": 0.03519772027858109, ""mean_absolute_shap"": 0.015439162498185567, ""mean_signed_shap"": 0.006867198480164888, ""rank"": 6, ""source_feature_family"": ""age""}, {""absolute_attribution_share"": 0.017911011041832927, ""mean_absolute_shap"": 0.007856503426727106, ""mean_signed_shap"": -0.0006789900226505403, ""rank"": 7, ""source_feature_family"": ""admission_type_id""}, {""absolute_attribution_share"": 0.008552505644891439, ""mean_absolute_shap"": 0.0037514794530167585, ""mean_signed_shap"": -0.0007589475364521906, ""rank"": 8, ""source_feature_family"": ""gender""}, {""absolute_attribution_share"": 0.006721587869164572, ""mean_absolute_shap"": 0.0029483638865388513, ""mean_signed_shap"": -0.00023311180428430478, ""rank"": 9, ""source_feature_family"": ""race""}, {""absolute_attribution_share"": 0.001729397926287981, ""mean_absolute_shap"": 0.0007585848002841632, ""mean_signed_shap"": 3.1473973649553955e-05, ""rank"": 10, ""source_feature_family"": ""prior_emergency_use""}]"
admission_source_id,1,4363,True,0.02230795044954451,1.0,1.0,prior_inpatient_use,0.35115119915889004,admission_source_id,-0.015139963183271057,0.015139963183271057,False,False,"[{""absolute_attribution_share"": 0.35115119915889004, ""mean_absolute_shap"": 0.19476685544581362, ""mean_signed_shap"": -0.03636999515875911, ""rank"": 1, ""source_feature_family"": ""prior_inpatient_use""}, {""absolute_attribution_share"": 0.33923462034202545, ""mean_absolute_shap"": 0.18815729640289344, ""mean_signed_shap"": -0.07558757332526105, ""rank"": 2, ""source_feature_family"": ""prior_utilization_intensity""}, {""absolute_attribution_share"": 0.1570088786136123, ""mean_absolute_shap"": 0.0870853513754049, ""mean_signed_shap"": -0.01288100268836742, ""rank"": 3, ""source_feature_family"": ""age""}, {""absolute_attribution_share"": 0.05667434018437476, ""mean_absolute_shap"": 0.03143455881289002, ""mean_signed_shap"": 0.008004537182461975, ""rank"": 4, ""source_feature_family"": ""prior_outpatient_use""}, {""absolute_attribution_share"": 0.03993569586031506, ""mean_absolute_shap"": 0.022150429562493048, ""mean_signed_shap"": -0.0005166350171919216, ""rank"": 5, ""source_feature_family"": ""prior_utilization_domain_count""}, {""absolute_attribution_share"": 0.02122398475226058, ""mean_absolute_shap"": 0.011771934084602816, ""mean_signed_shap"": -0.007352758238645745, ""rank"": 6, ""source_feature_family"": ""admission_source_id""}, {""absolute_attribution_share"": 0.01771832862923777, ""mean_absolute_shap"": 0.009827513501700105, ""mean_signed_shap"": -0.005265450776278054, ""rank"": 7, ""source_feature_family"": ""admission_type_id""}, {""absolute_attribution_share"": 0.009907950561071419, ""mean_absolute_shap"": 0.00549546855973939, ""mean_signed_shap"": -0.0008450702716445776, ""rank"": 8, ""source_feature_family"": ""race""}, {""absolute_attribution_share"": 0.005617363724624825, ""mean_absolute_shap"": 0.003115684272647206, ""mean_signed_shap"": -2.934716293043853e-05, ""rank"": 9, ""source_feature_family"": ""gender""}, {""absolute_attribution_share"": 0.0015276381735877423, ""mean_absolute_shap"": 0.0008473081796142229, ""mean_signed_shap"": -5.340052382807221e-05, ""rank"": 10, ""source_feature_family"": ""prior_emergency_use""}]"
admission_source_id,10,1,False,0.22323890084399461,0.6848484848484848,0.42857142857142855,prior_utilization_intensity,0.36737781908499517,race,0.18613096020650705,0.18613096020650705,False,False,"[{""absolute_attribution_share"": 0.36737781908499517, ""mean_absolute_shap"": 0.18703271448612213, ""mean_signed_shap"": -0.18703271448612213, ""rank"": 1, ""source_feature_family"": ""prior_utilization_intensity""}, {""absolute_attribution_share"": 0.30968093937941, ""mean_absolute_shap"": 0.1576591283082962, ""mean_signed_shap"": -0.1576591283082962, ""rank"": 2, ""source_feature_family"": ""prior_inpatient_use""}, {""absolute_attribution_share"": 0.19604382357325997, ""mean_absolute_shap"": 0.09980626640026458, ""mean_signed_shap"": -0.09980626640026458, ""rank"": 3, ""source_feature_family"": ""race""}, {""absolute_attribution_share"": 0.03950662154475568, ""mean_absolute_shap"": 0.020112892732868204, ""mean_signed_shap"": -0.020112892732868204, ""rank"": 4, ""source_feature_family"": ""admission_source_id""}, {""absolute_attribution_share"": 0.0340032105198435, ""mean_absolute_shap"": 0.01731109619140625, ""mean_signed_shap"": -0.01731109619140625, ""rank"": 5, ""source_feature_family"": ""prior_utilization_domain_count""}, {""absolute_attribution_share"": 0.03074909945635024, ""mean_absolute_shap"": 0.015654422342777252, ""mean_signed_shap"": 0.015654422342777252, ""rank"": 6, ""source_feature_family"": ""prior_outpatient_use""}, {""absolute_attribution_share"": 0.008670357170113926, ""mean_absolute_shap"": 0.004414094571984606, ""mean_signed_shap"": -0.004414094571984606, ""rank"": 7, ""source_feature_family"": ""age""}, {""absolute_attribution_share"": 0.008304075786397934, ""mean_absolute_shap"": 0.004227620054734871, ""mean_signed_shap"": -0.004227620054734871, ""rank"": 8, ""source_feature_family"": ""admission_type_id""}, {""absolute_attribution_share"": 0.00546852313261662, ""mean_absolute_shap"": 0.0027840350521728396, ""mean_signed_shap"": -0.0027840350521728396, ""rank"": 9, ""source_feature_family"": ""gender""}, {""absolute_attribution_share"": 0.0001955303522569658, ""mean_absolute_shap"": 9.954485722118989e-05, ""mean_signed_shap"": 9.954485722118989e-05, ""rank"": 10, ""source_feature_family"": ""prior_emergency_use""}]"
admission_source_id,17,1037,True,0.11477647261077215,0.9272727272727272,0.6666666666666666,prior_inpatient_use,0.31124969031559824,admission_source_id,0.07676925414249094,0.07676925414249094,False,False,"[{""absolute_attribution_share"": 0.31124969031559824, ""mean_absolute_shap"": 0.1933328723364304, ""mean_signed_shap"": -0.011927872544141951, ""rank"": 1, ""source_feature_family"": ""prior_inpatient_use""}, {""absolute_attribution_share"": 0.2915709540891663, ""mean_absolute_shap"": 0.1811094172873688, ""mean_signed_shap"": -0.02454083790444017, ""rank"": 2, ""source_feature_family"": ""prior_utilization_intensity""}, {""absolute_attribution_share"": 0.12284441125724507, ""mean_absolute_shap"": 0.07630485625466563, ""mean_signed_shap"": -0.0002693504522992579, ""rank"": 3, ""source_feature_family"": ""age""}, {""absolute_attribution_share"": 0.11313320207802259, ""mean_absolute_shap"": 0.07027273470435898, ""mean_signed_shap"": -0.07027273470435898, ""rank"": 4, ""source_feature_family"": ""admission_source_id""}, {""absolute_attribution_share"": 0.062032967755152255, ""mean_absolute_shap"": 0.038531803271823935, ""mean_signed_shap"": 0.0010398107139876862, ""rank"": 5, ""source_feature_family"": ""prior_outpatient_use""}, {""absolute_attribution_share"": 0.04670323158879043, ""mean_absolute_shap"": 0.029009731387359596, ""mean_signed_shap"": -0.012028121486377361, ""rank"": 6, ""source_feature_family"": ""admission_type_id""}, {""absolute_attribution_share"": 0.036876509726952215, ""mean_absolute_shap"": 0.022905859087040178, ""mean_signed_shap"": 0.004871134601500632, ""rank"": 7, ""source_feature_family"": ""prior_utilization_domain_count""}, {""absolute_attribution_share"": 0.00744840296636483, ""mean_absolute_shap"": 0.004626578546460114, ""mean_signed_shap"": -4.3862639567585756e-05, ""rank"": 8, ""source_feature_family"": ""gender""}, {""absolute_attribution_share"": 0.0060697542026171645, ""mean_absolute_shap"": 0.0037702303034525693, ""mean_signed_shap"": 0.00031608046939678175, ""rank"": 9, ""source_feature_family"": ""race""}, {""absolute_attribution_share"": 0.002070876020091016, ""mean_absolute_shap"": 0.0012863254861743617, ""mean_signed_shap"": -5.4790690252081406e-05, ""rank"": 10, ""source_feature_family"": ""prior_emergency_use""}]"
admission_source_id,2,174,True,0.036714483615114084,0.9393939393939394,0.6666666666666666,prior_utilization_intensity,0.3304459241632062,admission_source_id,0.02588800304457123,0.02588800304457123,False,False,"[{""absolute_attribution_share"": 0.3304459241632062, ""mean_absolute_shap"": 0.19181884065184784, ""mean_signed_shap"": -0.1187989351435982, ""rank"": 1, ""source_feature_family"": ""prior_utilization_intensity""}, {""absolute_attribution_share"": 0.32828040494760224, ""mean_absolute_shap"": 0.1905617896338989, ""mean_signed_shap"": -0.041801156583188594, ""rank"": 2, ""source_feature_family"": ""prior_inpatient_use""}, {""absolute_attribution_share"": 0.1567709038209816, ""mean_absolute_shap"": 0.09100312886301713, ""mean_signed_shap"": -0.03235455072277629, ""rank"": 3, ""source_feature_family"": ""age""}, {""absolute_attribution_share"": 0.06225195098010287, ""mean_absolute_shap"": 0.03613631215321429, ""mean_signed_shap"": -0.036076501776555775, ""rank"": 4, ""source_feature_family"": ""admission_source_id""}, {""absolute_attribution_share"": 0.041968983295977494, ""mean_absolute_shap"": 0.02436235744035107, ""mean_signed_shap"": 0.014876277453597936, ""rank"": 5, ""source_feature_family"": ""prior_outpatient_use""}, {""absolute_attribution_share"": 0.039861883151873716, ""mean_absolute_shap"": 0.023139217806225323, ""mean_signed_shap"": -0.0047898671245898234, ""rank"": 6, ""source_feature_family"": ""prior_utilization_domain_count""}, {""absolute_attribution_share"": 0.020332577291508443, ""mean_absolute_shap"": 0.011802752336551613, ""mean_signed_shap"": -0.006621300691770964, ""rank"": 7, ""source_feature_family"": ""race""}, {""absolute_attribution_share"": 0.01291003330651822, ""mean_absolute_shap"": 0.007494078275905703, ""mean_signed_shap"": -0.0016484589247383332, ""rank"": 8, ""source_feature_family"": ""admission_type_id""}, {""absolute_attribution_share"": 0.005999234006797826, ""mean_absolute_shap"": 0.0034824642334360867, ""mean_signed_shap"": -0.0007680032976659486, ""rank"": 9, ""source_feature_family"": ""gender""}, {""absolute_attribution_share"": 0.0011781050354314918, ""mean_absolute_shap"": 0.0006838720817478165, ""mean_signed_shap"": -0.0002368210709768203, ""rank"": 10, ""source_feature_family"": ""prior_emergency_use""}]"
admission_source_id,20,23,False,0.030057731778875788,0.9878787878787879,1.0,prior_inpatient_use,0.34789140897743426,prior_inpatient_use,0.011521596104451748,0.011521596104451748,False,False,"[{""absolute_attribution_share"": 0.34789140897743426, ""mean_absolute_shap"": 0.2044417618409447, ""mean_signed_shap"": 0.0436191500528999, ""rank"": 1, ""source_feature_family"": ""prior_inpatient_use""}, {""absolute_attribution_share"": 0.3344265963139207, ""mean_absolute_shap"": 0.1965290340392486, ""mean_signed_shap"": -0.0815717999054038, ""rank"": 2, ""source_feature_family"": ""prior_utilization_intensity""}, {""absolute_attribution_share"": 0.17493168820848373, ""mean_absolute_shap"": 0.10280030381972724, ""mean_signed_shap"": 0.0004594825781089679, ""rank"": 3, ""source_feature_family"": ""age""}, {""absolute_attribution_share"": 0.04872965157587864, ""mean_absolute_shap"": 0.02863645253945952, ""mean_signed_shap"": 0.024945937340026317, ""rank"": 4, ""source_feature_family"": ""prior_outpatient_use""}, {""absolute_attribution_share"": 0.04628296711463525, ""mean_absolute_shap"": 0.027198634677283142, ""mean_signed_shap"": 0.006678595612554446, ""rank"": 5, ""source_feature_family"": ""prior_utilization_domain_count""}, {""absolute_attribution_share"": 0.028307680988696623, ""mean_absolute_shap"": 0.01663528338331557, ""mean_signed_shap"": 0.01503874873521019, ""rank"": 6, ""source_feature_family"": ""admission_source_id""}, {""absolute_attribution_share"": 0.010951069295514131, ""mean_absolute_shap"": 0.006435502122337272, ""mean_signed_shap"": -0.004120649520463421, ""rank"": 7, ""source_feature_family"": ""admission_type_id""}, {""absolute_attribution_share"": 0.004585699002923997, ""mean_absolute_shap"": 0.002694830511008268, ""mean_signed_shap"": -1.8373524021033358e-05, ""rank"": 8, ""source_feature_family"": ""gender""}, {""absolute_attribution_share"": 0.0025092778013772053, ""mean_absolute_shap"": 0.0014746014458069112, ""mean_signed_shap"": 0.0010405726020310437, ""rank"": 9, ""source_feature_family"": ""race""}, {""absolute_attribution_share"": 0.0013839607211354695, ""mean_absolute_shap"": 0.0008132979454113292, ""mean_signed_shap"": 0.00012522212858564907, ""rank"": 10, ""source_feature_family"": ""prior_emergency_use""}]"
admission_source_id,22,2,False,0.10306154525040963,0.9757575757575757,1.0,prior_inpatient_use,0.42129285158709195,prior_inpatient_use,0.08492303871410944,0.08492303871410944,False,False,"[{""absolute_attribution_share"": 0.42129285158709195, ""mean_absolute_shap"": 0.23386982828378677, ""mean_signed_shap"": 0.23386982828378677, ""rank"": 1, ""source_feature_family"": ""prior_inpatient_use""}, {""absolute_attribution_share"": 0.2796004173092027, ""mean_absolute_shap"": 0.15521293878555298, ""mean_signed_shap"": -0.15521293878555298, ""rank"": 2, ""source_feature_family"": ""prior_utilization_intensity""}, {""absolute_attribution_share"": 0.15700038545146994, ""mean_absolute_shap"": 0.0871547025963082, ""mean_signed_shap"": -0.03386029072680685, ""rank"": 3, ""source_feature_family"": ""age""}, {""absolute_attribution_share"": 0.05795402502039627, ""mean_absolute_shap"": 0.03217167779803276, ""mean_signed_shap"": 0.03217167779803276, ""rank"": 4, ""source_feature_family"": ""prior_utilization_domain_count""}, {""absolute_attribution_share"": 0.05109936438526856, ""mean_absolute_shap"": 0.02836649026721716, ""mean_signed_shap"": 0.02836649026721716, ""rank"": 5, ""source_feature_family"": ""prior_outpatient_use""}, {""absolute_attribution_share"": 0.016987701125610273, ""mean_absolute_shap"": 0.009430282831090153, ""mean_signed_shap"": -0.009430282831090153, ""rank"": 6, ""source_feature_family"": ""admission_source_id""}, {""absolute_attribution_share"": 0.007140263071555648, ""mean_absolute_shap"": 0.003963732335250825, ""mean_signed_shap"": -0.0021239282796159387, ""rank"": 7, ""source_feature_family"": ""admission_type_id""}, {""absolute_attribution_share"": 0.0038582700791106443, ""mean_absolute_shap"": 0.0021418188262032345, ""mean_signed_shap"": -0.00036953591916244477, ""rank"": 8, ""source_feature_family"": ""gender""}, {""absolute_attribution_share"": 0.0028754975032776685, ""mean_absolute_shap"": 0.0015962580537234317, ""mean_signed_shap"": 0.0015962580537234317, ""rank"": 9, ""source_feature_family"": ""race""}, {""absolute_attribution_share"": 0.0021912244670163083, ""mean_absolute_shap"": 0.0012164015788584948, ""mean_signed_shap"": -0.0012164015788584948, ""rank"": 10, ""source_feature_family"": ""prior_emergency_use""}]"
admission_source_id,25,1,False,0.10189775982939438,0.9272727272727272,0.6666666666666666,prior_utilization_intensity,0.3344746656373255,age,0.074673503349619,0.074673503349619,False,False,"[{""absolute_attribution_share"": 0.3344746656373255, ""mean_absolute_shap"": 0.1705140620470047, ""mean_signed_shap"": -0.1705140620470047, ""rank"": 1, ""source_feature_family"": ""prior_utilization_intensity""}, {""absolute_attribution_share"": 0.27795615923319517, ""mean_absolute_shap"": 0.1417011171579361, ""mean_signed_shap"": -0.1417011171579361, ""rank"": 2, ""source_feature_family"": ""prior_inpatient_use""}, {""absolute_attribution_share"": 0.23809735822223732, ""mean_absolute_shap"": 0.12138123416843882, ""mean_signed_shap"": 0.12138123416843882, ""rank"": 3, ""source_feature_family"": ""age""}, {""absolute_attribution_share"": 0.06252609083471318, ""mean_absolute_shap"": 0.03187559127036366, ""mean_signed_shap"": -0.03187559127036366, ""rank"": 4, ""source_feature_family"": ""admission_source_id""}, {""absolute_attribution_share"": 0.03567500460444438, ""mean_absolute_shap"": 0.01818699762225151, ""mean_signed_shap"": -0.01818699762225151, ""rank"": 5, ""source_feature_family"": ""prior_utilization_domain_count""}, {""absolute_attribution_share"": 0.03379458289303382, ""mean_absolute_shap"": 0.017228364944458008, ""mean_signed_shap"": 0.017228364944458008, ""rank"": 6, ""source_feature_family"": ""prior_outpatient_use""}, {""absolute_attribution_share"": 0.01024607041943787, ""mean_absolute_shap"": 0.005223412314080633, ""mean_signed_shap"": 0.005223412314080633, ""rank"": 7, ""source_feature_family"": ""admission_type_id""}, {""absolute_attribution_share"": 0.005062354850883488, ""mean_absolute_shap"": 0.002580771513748914, ""mean_signed_shap"": -0.002580771513748914, ""rank"": 8, ""source_feature_family"": ""gender""}, {""absolute_attribution_share"": 0.001972449451207426, ""mean_absolute_shap"": 0.0010055481106974185, ""mean_signed_shap"": 0.0010055481106974185, ""rank"": 9, ""source_feature_family"": ""race""}, {""absolute_attribution_share"": 0.00019526385352191346, ""mean_absolute_shap"": 9.954485722118989e-05, ""mean_signed_shap"": 9.954485722118989e-05, ""rank"": 10, ""source_feature_family"": ""prior_emergency_use""}]"
admission_source_id,3,16,False,0.2633958768546662,0.7212121212121212,0.42857142857142855,prior_inpatient_use,0.32879867912201777,admission_source_id,0.22929384779456577,0.22929384779456577,False,False,"[{""absolute_attribution_share"": 0.32879867912201777, ""mean_absolute_shap"": 0.2569345310330391, ""mean_signed_shap"": -0.049140967428684235, ""rank"": 1, ""source_feature_family"": ""prior_inpatient_use""}, {""absolute_attribution_share"": 0.2656577957300974, ""mean_absolute_shap"": 0.2075940856680063, ""mean_signed_shap"": 0.2075940856680063, ""rank"": 2, ""source_feature_family"": ""admission_source_id""}, {""absolute_attribution_share"": 0.18973650813798493, ""mean_absolute_shap"": 0.14826659543905407, ""mean_signed_shap"": -0.08532465517055243, ""rank"": 3, ""source_feature_family"": ""prior_utilization_intensity""}, {""absolute_attribution_share"": 0.09274995584609651, ""mean_absolute_shap"": 0.07247798705361674, ""mean_signed_shap"": -0.029952307661233135, ""rank"": 4, ""source_feature_family"": ""age""}, {""absolute_attribution_share"": 0.03969449642111095, ""mean_absolute_shap"": 0.031018636844237335, ""mean_signed_shap"": -0.005450060984003358, ""rank"": 5, ""source_feature_family"": ""gender""}, {""absolute_attribution_share"": 0.03582508561351597, ""mean_absolute_shap"": 0.027994946925900877, ""mean_signed_shap"": 0.006131769274361432, ""rank"": 6, ""source_feature_family"": ""prior_utilization_domain_count""}, {""absolute_attribution_share"": 0.0329251373826737, ""mean_absolute_shap"": 0.025728828215505928, ""mean_signed_shap"": 0.025728828215505928, ""rank"": 7, ""source_feature_family"": ""prior_outpatient_use""}, {""absolute_attribution_share"": 0.01050928884748856, ""mean_absolute_shap"": 0.008212317667243951, ""mean_signed_shap"": 0.00169877016458031, ""rank"": 8, ""source_feature_family"": ""admission_type_id""}, {""absolute_attribution_share"": 0.0028111718387572007, ""mean_absolute_shap"": 0.0021967458019389596, ""mean_signed_shap"": 0.0008026939301544189, ""rank"": 9, ""source_feature_family"": ""race""}, {""absolute_attribution_share"": 0.0012918810602570506, ""mean_absolute_shap"": 0.0010095200359501177, ""mean_signed_shap"": -0.00010487762301636394, ""rank"": 10, ""source_feature_family"": ""prior_emergency_use""}]"
admission_source_id,4,488,True,0.02676476850951897,0.9393939393939394,0.6666666666666666,prior_inpatient_use,0.3319349497424538,prior_outpatient_use,-0.012433629196966549,0.012433629196966549,False,False,"[{""absolute_attribution_share"": 0.3319349497424538, ""mean_absolute_shap"": 0.1856009260308547, ""mean_signed_shap"": -0.042494480666078506, ""rank"": 1, ""source_feature_family"": ""prior_inpatient_use""}, {""absolute_attribution_share"": 0.33022842554321324, ""mean_absolute_shap"": 0.18464672560116552, ""mean_signed_shap"": -0.1235726201586181, ""rank"": 2, ""source_feature_family"": ""prior_utilization_intensity""}, {""absolute_attribution_share"": 0.17120782611218105, ""mean_absolute_shap"": 0.09573059750052051, ""mean_signed_shap"": -0.015414210196061756, ""rank"": 3, ""source_feature_family"": ""age""}, {""absolute_attribution_share"": 0.045859628568088534, ""mean_absolute_shap"": 0.025642342080194808, ""mean_signed_shap"": -0.025642342080194808, ""rank"": 4, ""source_feature_family"": ""admission_source_id""}, {""absolute_attribution_share"": 0.044456966848877504, ""mean_absolute_shap"": 0.02485804589747711, ""mean_signed_shap"": -0.00568274307908246, ""rank"": 5, ""source_feature_family"": ""prior_utilization_domain_count""}, {""absolute_attribution_share"": 0.044445400271784556, ""mean_absolute_shap"": 0.02485157846335749, ""mean_signed_shap"": 0.01863896729974229, ""rank"": 6, ""source_feature_family"": ""prior_outpatient_use""}, {""absolute_attribution_share"": 0.01520972218854042, ""mean_absolute_shap"": 0.008504493199813518, ""mean_signed_shap"": -0.005322880867585108, ""rank"": 7, ""source_feature_family"": ""race""}, {""absolute_attribution_share"": 0.01069895834796209, ""mean_absolute_shap"": 0.005982306408192412, ""mean_signed_shap"": -0.0020865413369841783, ""rank"": 8, ""source_feature_family"": ""admission_type_id""}, {""absolute_attribution_share"": 0.005047306168372274, ""mean_absolute_shap"": 0.0028221936241965015, ""mean_signed_shap"": 0.000265845751900848, ""rank"": 9, ""source_feature_family"": ""gender""}, {""absolute_attribution_share"": 0.0009108162085265171, ""mean_absolute_shap"": 0.0005092815079508716, ""mean_signed_shap"": 4.364811445798221e-05, ""rank"": 10, ""source_feature_family"": ""prior_emergency_use""}]"
admission_source_id,5,106,True,0.06520127774398132,0.9878787878787879,1.0,prior_inpatient_use,0.3703461624889017,age,-0.054287041400091496,0.054287041400091496,False,False,"[{""absolute_attribution_share"": 0.3703461624889017, ""mean_absolute_shap"": 0.19417842421329246, ""mean_signed_shap"": 0.03718297169455942, ""rank"": 1, ""source_feature_family"": ""prior_inpatient_use""}, {""absolute_attribution_share"": 0.3455972138507082, ""mean_absolute_shap"": 0.181202154079417, ""mean_signed_shap"": -0.05951583606876292, ""rank"": 2, ""source_feature_family"": ""prior_utilization_intensity""}, {""absolute_attribution_share"": 0.10913681347252682, ""mean_absolute_shap"": 0.057222179167012034, ""mean_signed_shap"": 0.046450815792802976, ""rank"": 3, ""source_feature_family"": ""age""}, {""absolute_attribution_share"": 0.061800582997875914, ""mean_absolute_shap"": 0.032403035423243944, ""mean_signed_shap"": 0.025697948674688924, ""rank"": 4, ""source_feature_family"": ""prior_outpatient_use""}, {""absolute_attribution_share"": 0.04377856184645156, ""mean_absolute_shap"": 0.022953801104724232, ""mean_signed_shap"": 0.005851915922731969, ""rank"": 5, ""source_feature_family"": ""prior_utilization_domain_count""}, {""absolute_attribution_share"": 0.04316801183833725, ""mean_absolute_shap"": 0.02263367995730286, ""mean_signed_shap"": -0.017027808404682734, ""rank"": 6, ""source_feature_family"": ""admission_source_id""}, {""absolute_attribution_share"": 0.010621082172840164, ""mean_absolute_shap"": 0.005568803483480944, ""mean_signed_shap"": 0.004109708034878356, ""rank"": 7, ""source_feature_family"": ""admission_type_id""}, {""absolute_attribution_share"": 0.009397263449979779, ""mean_absolute_shap"": 0.004927135727210146, ""mean_signed_shap"": -0.0005980667834969694, ""rank"": 8, ""source_feature_family"": ""gender""}, {""absolute_attribution_share"": 0.004466055209546078, ""mean_absolute_shap"": 0.0023416242717655034, ""mean_signed_shap"": 0.0010809208172518855, ""rank"": 9, ""source_feature_family"": ""race""}, {""absolute_attribution_share"": 0.0016882526728325658, ""mean_absolute_shap"": 0.0008851779143096448, ""mean_signed_shap"": -0.00016840981416467947, ""rank"": 10, ""source_feature_family"": ""prior_emergency_use""}]"
admission_source_id,6,346,True,0.10084259746892049,0.9393939393939394,0.6666666666666666,prior_utilization_intensity,0.3093646371144382,admission_source_id,0.07511871377676779,0.07511871377676779,False,False,"[{""absolute_attribution_share"": 0.3093646371144382, ""mean_absolute_shap"": 0.20417096642400487, ""mean_signed_shap"": -0.1174940965595962, ""rank"": 1, ""source_feature_family"": ""prior_utilization_intensity""}, {""absolute_attribution_share"": 0.2929068172891946, ""mean_absolute_shap"": 0.19330932105207718, ""mean_signed_shap"": -0.059361385472248056, ""rank"": 2, ""source_feature_family"": ""prior_inpatient_use""}, {""absolute_attribution_share"": 0.16433346433480564, ""mean_absolute_shap"": 0.10845493700248171, ""mean_signed_shap"": 0.009976288979334978, ""rank"": 3, ""source_feature_family"": ""age""}, {""absolute_attribution_share"": 0.11148266171229944, ""mean_absolute_shap"": 0.07357506337384252, ""mean_signed_shap"": -0.07227071419878212, ""rank"": 4, ""source_feature_family"": ""admission_source_id""}, {""absolute_attribution_share"": 0.03827122492584871, ""mean_absolute_shap"": 0.025257809206068172, ""mean_signed_shap"": 0.02259153437752255, ""rank"": 5, ""source_feature_family"": ""prior_outpatient_use""}, {""absolute_attribution_share"": 0.03499868171605029, ""mean_absolute_shap"": 0.023098033234124432, ""mean_signed_shap"": -0.007061038475491731, ""rank"": 6, ""source_feature_family"": ""prior_utilization_domain_count""}, {""absolute_attribution_share"": 0.0347271375967183, ""mean_absolute_shap"": 0.022918822624314945, ""mean_signed_shap"": -0.00775286240322744, ""rank"": 7, ""source_feature_family"": ""race""}, {""absolute_attribution_share"": 0.008011836947718783, ""mean_absolute_shap"": 0.005287561331200872, ""mean_signed_shap"": 0.002727143002380611, ""rank"": 8, ""source_feature_family"": ""admission_type_id""}, {""absolute_attribution_share"": 0.005018912434978434, ""mean_absolute_shap"": 0.0033123249373455247, ""mean_signed_shap"": -0.0007988080554614867, ""rank"": 9, ""source_feature_family"": ""gender""}, {""absolute_attribution_share"": 0.000884625927947682, ""mean_absolute_shap"": 0.00058382539231851, ""mean_signed_shap"": 1.2221118185273507e-05, ""rank"": 10, ""source_feature_family"": ""prior_emergency_use""}]"
admission_source_id,7,8469,True,0.01578511941915958,0.9878787878787879,1.0,prior_utilization_intensity,0.33797720686677013,age,0.009003346581053395,0.009003346581053395,False,False,"[{""absolute_attribution_share"": 0.33797720686677013, ""mean_absolute_shap"": 0.19724447712212473, ""mean_signed_shap"": -0.041426601499575964, ""rank"": 1, ""source_feature_family"": ""prior_utilization_intensity""}, {""absolute_attribution_share"": 0.3348522453375835, ""mean_absolute_shap"": 0.19542074051998712, ""mean_signed_shap"": -0.003921973959010894, ""rank"": 2, ""source_feature_family"": ""prior_inpatient_use""}, {""absolute_attribution_share"": 0.1724272014536717, ""mean_absolute_shap"": 0.10062901432808022, ""mean_signed_shap"": -0.008717561287384202, ""rank"": 3, ""source_feature_family"": ""age""}, {""absolute_attribution_share"": 0.0583142952458407, ""mean_absolute_shap"": 0.03403239165487625, ""mean_signed_shap"": 0.012734409496790791, ""rank"": 4, ""source_feature_family"": ""prior_outpatient_use""}, {""absolute_attribution_share"": 0.04088642860942915, ""mean_absolute_shap"": 0.02386143819348442, ""mean_signed_shap"": 0.002562970343926985, ""rank"": 5, ""source_feature_family"": ""prior_utilization_domain_count""}, {""absolute_attribution_share"": 0.028196197992892247, ""mean_absolute_shap"": 0.01645538283927023, ""mean_signed_shap"": 0.01584218727087003, ""rank"": 6, ""source_feature_family"": ""admission_source_id""}, {""absolute_attribution_share"": 0.012074494895734185, ""mean_absolute_shap"": 0.007046710203631234, ""mean_signed_shap"": 0.0039560478604547785, ""rank"": 7, ""source_feature_family"": ""admission_type_id""}, {""absolute_attribution_share"": 0.008099822759686848, ""mean_absolute_shap"": 0.004727080029530234, ""mean_signed_shap"": -3.654208579871118e-05, ""rank"": 8, ""source_feature_family"": ""race""}, {""absolute_attribution_share"": 0.005269940245730155, ""mean_absolute_shap"": 0.0030755523955899233, ""mean_signed_shap"": -2.451635917806148e-05, ""rank"": 9, ""source_feature_family"": ""gender""}, {""absolute_attribution_share"": 0.0019021665926613818, ""mean_absolute_shap"": 0.0011101099344742727, ""mean_signed_shap"": 7.955969416949102e-06, ""rank"": 10, ""source_feature_family"": ""prior_emergency_use""}]"
admission_source_id,8,1,False,0.13644581169283565,0.9393939393939394,1.0,prior_utilization_intensity,0.3203331261955046,age,0.13644581169283562,0.13644581169283562,False,False,"[{""absolute_attribution_share"": 0.3203331261955046, ""mean_absolute_shap"": 0.19532647728919983, ""mean_signed_shap"": -0.19532647728919983, ""rank"": 1, ""source_feature_family"": ""prior_utilization_intensity""}, {""absolute_attribution_share"": 0.29986966656545394, ""mean_absolute_shap"": 0.1828486685462849, ""mean_signed_shap"": -0.1828486685462849, ""rank"": 2, ""source_feature_family"": ""age""}, {""absolute_attribution_share"": 0.2895086942743427, ""mean_absolute_shap"": 0.17653095722198486, ""mean_signed_shap"": -0.17653095722198486, ""rank"": 3, ""source_feature_family"": ""prior_inpatient_use""}, {""absolute_attribution_share"": 0.032605062618451544, ""mean_absolute_shap"": 0.01988127827644348, ""mean_signed_shap"": -0.01988127827644348, ""rank"": 4, ""source_feature_family"": ""prior_utilization_domain_count""}, {""absolute_attribution_share"": 0.032296252199244, ""mean_absolute_shap"": 0.019692977890372276, ""mean_signed_shap"": 0.019692977890372276, ""rank"": 5, ""source_feature_family"": ""prior_outpatient_use""}, {""absolute_attribution_share"": 0.010373620590907096, ""mean_absolute_shap"": 0.006325423757516546, ""mean_signed_shap"": -0.006325423757516546, ""rank"": 6, ""source_feature_family"": ""admission_source_id""}, {""absolute_attribution_share"": 0.008284002808004107, ""mean_absolute_shap"": 0.005051257438026369, ""mean_signed_shap"": 0.005051257438026369, ""rank"": 7, ""source_feature_family"": ""admission_type_id""}, {""absolute_attribution_share"": 0.003314558700345076, ""mean_absolute_shap"": 0.0020210868678987026, ""mean_signed_shap"": 0.0020210868678987026, ""rank"": 8, ""source_feature_family"": ""gender""}, {""absolute_attribution_share"": 0.002747908282759763, ""mean_absolute_shap"": 0.0016755658434703946, ""mean_signed_shap"": 0.0016755658434703946, ""rank"": 9, ""source_feature_family"": ""race""}, {""absolute_attribution_share"": 0.0006671077649871737, ""mean_absolute_shap"": 0.0004067759437020868, ""mean_signed_shap"": 0.0004067759437020868, ""rank"": 10, ""source_feature_family"": ""prior_emergency_use""}]"
admission_source_id,9,25,False,0.3001084672479616,0.7212121212121212,0.42857142857142855,prior_utilization_intensity,0.23566314405461133,race,0.19189937071173663,0.19189937071173663,False,False,"[{""absolute_attribution_share"": 0.23566314405461133, ""mean_absolute_shap"": 0.18162189543247223, ""mean_signed_shap"": -0.15738482773303986, ""rank"": 1, ""source_feature_family"": ""prior_utilization_intensity""}, {""absolute_attribution_share"": 0.2269254066693712, ""mean_absolute_shap"": 0.17488785803318024, ""mean_signed_shap"": -0.06586831867694855, ""rank"": 2, ""source_feature_family"": ""prior_inpatient_use""}, {""absolute_attribution_share"": 0.20181223407848956, ""mean_absolute_shap"": 0.15553352910501417, ""mean_signed_shap"": -0.1496295340829238, ""rank"": 3, ""source_feature_family"": ""race""}, {""absolute_attribution_share"": 0.14457304447175667, ""mean_absolute_shap"": 0.11142018184786139, ""mean_signed_shap"": 0.11142018184786139, ""rank"": 4, ""source_feature_family"": ""admission_source_id""}, {""absolute_attribution_share"": 0.122593086115885, ""mean_absolute_shap"": 0.09448057207504462, ""mean_signed_shap"": -0.00908751385541109, ""rank"": 5, ""source_feature_family"": ""age""}, {""absolute_attribution_share"": 0.03036804714106768, ""mean_absolute_shap"": 0.023404178470373155, ""mean_signed_shap"": -0.006670003831386566, ""rank"": 6, ""source_feature_family"": ""prior_utilization_domain_count""}, {""absolute_attribution_share"": 0.026361315247548207, ""mean_absolute_shap"": 0.020316252931952477, ""mean_signed_shap"": 0.020316252931952477, ""rank"": 7, ""source_feature_family"": ""prior_outpatient_use""}, {""absolute_attribution_share"": 0.007904378247082674, ""mean_absolute_shap"": 0.006091780559108884, ""mean_signed_shap"": -0.0035186859722671215, ""rank"": 8, ""source_feature_family"": ""admission_type_id""}, {""absolute_attribution_share"": 0.0033317655436128626, ""mean_absolute_shap"": 0.002567739540245384, ""mean_signed_shap"": -0.0006501159234903753, ""rank"": 9, ""source_feature_family"": ""gender""}, {""absolute_attribution_share"": 0.0004675784305749222, ""mean_absolute_shap"": 0.0003603553757420741, ""mean_signed_shap"": -7.805012312019244e-05, ""rank"": 10, ""source_feature_family"": ""prior_emergency_use""}]"
race,?,345,True,0.1361803964608839,0.8666666666666667,0.6666666666666666,prior_utilization_intensity,0.28748660691282507,race,0.1347954502299046,0.1347954502299046,False,False,"[{""absolute_attribution_share"": 0.28748660691282507, ""mean_absolute_shap"": 0.18146851797034774, ""mean_signed_shap"": -0.13115272772484932, ""rank"": 1, ""source_feature_family"": ""prior_utilization_intensity""}, {""absolute_attribution_share"": 0.27913204277495496, ""mean_absolute_shap"": 0.17619491448436958, ""mean_signed_shap"": -0.08017668650634047, ""rank"": 2, ""source_feature_family"": ""prior_inpatient_use""}, {""absolute_attribution_share"": 0.16480880110359758, ""mean_absolute_shap"": 0.10403131194841568, ""mean_signed_shap"": -0.0018964389061074, ""rank"": 3, ""source_feature_family"": ""age""}, {""absolute_attribution_share"": 0.14470831359665753, ""mean_absolute_shap"": 0.09134339678765147, ""mean_signed_shap"": -0.08703942699973688, ""rank"": 4, ""source_feature_family"": ""race""}, {""absolute_attribution_share"": 0.036415145514603536, ""mean_absolute_shap"": 0.022986122933418854, ""mean_signed_shap"": 0.014314451316992442, ""rank"": 5, ""source_feature_family"": ""prior_outpatient_use""}, {""absolute_attribution_share"": 0.03491086331954055, ""mean_absolute_shap"": 0.022036583532336288, ""mean_signed_shap"": -0.006385776867239695, ""rank"": 6, ""source_feature_family"": ""prior_utilization_domain_count""}, {""absolute_attribution_share"": 0.033719848796395696, ""mean_absolute_shap"": 0.021284786282658518, ""mean_signed_shap"": -0.0020230296731060136, ""rank"": 7, ""source_feature_family"": ""admission_source_id""}, {""absolute_attribution_share"": 0.013090292046430784, ""mean_absolute_shap"": 0.008262909785516177, ""mean_signed_shap"": 0.0018245919325464996, ""rank"": 8, ""source_feature_family"": ""admission_type_id""}, {""absolute_attribution_share"": 0.0049398395399228075, ""mean_absolute_shap"": 0.0031181465110579586, ""mean_signed_shap"": 0.0003344129796301865, ""rank"": 9, ""source_feature_family"": ""gender""}, {""absolute_attribution_share"": 0.0007882463950714965, ""mean_absolute_shap"": 0.0004975602399191711, ""mean_signed_shap"": 4.07802959038552e-05, ""rank"": 10, ""source_feature_family"": ""prior_emergency_use""}]"
race,AfricanAmerican,2841,True,0.012302902048106322,1.0,1.0,prior_inpatient_use,0.3421326809697442,admission_source_id,-0.006225831367175819,0.006225831367175819,False,False,"[{""absolute_attribution_share"": 0.3421326809697442, ""mean_absolute_shap"": 0.2035750443720977, ""mean_signed_shap"": -0.006348126064048439, ""rank"": 1, ""source_feature_family"": ""prior_inpatient_use""}, {""absolute_attribution_share"": 0.33511028200979986, ""mean_absolute_shap"": 0.19939659180271085, ""mean_signed_shap"": -0.05248903412082085, ""rank"": 2, ""source_feature_family"": ""prior_utilization_intensity""}, {""absolute_attribution_share"": 0.16789467167667593, ""mean_absolute_shap"": 0.09990032270387125, ""mean_signed_shap"": -0.042279226605112206, ""rank"": 3, ""source_feature_family"": ""age""}, {""absolute_attribution_share"": 0.055137891505645964, ""mean_absolute_shap"": 0.032808028388373746, ""mean_signed_shap"": 0.01619511147366364, ""rank"": 4, ""source_feature_family"": ""prior_outpatient_use""}, {""absolute_attribution_share"": 0.04015840094092317, ""mean_absolute_shap"": 0.023894964463169438, ""mean_signed_shap"": 0.0016904706345398709, ""rank"": 5, ""source_feature_family"": ""prior_utilization_domain_count""}, {""absolute_attribution_share"": 0.03013811656835582, ""mean_absolute_shap"": 0.017932716630005473, ""mean_signed_shap"": 0.0025930475051659653, ""rank"": 6, ""source_feature_family"": ""admission_source_id""}, {""absolute_attribution_share"": 0.013224221134367518, ""mean_absolute_shap"": 0.007868647322976352, ""mean_signed_shap"": 0.0012231609260523304, ""rank"": 7, ""source_feature_family"": ""admission_type_id""}, {""absolute_attribution_share"": 0.00850174672141152, ""mean_absolute_shap"": 0.0050586908597741965, ""mean_signed_shap"": 0.0028472202259054984, ""rank"": 8, ""source_feature_family"": ""race""}, {""absolute_attribution_share"": 0.0058066744749747205, ""mean_absolute_shap"": 0.003455074828124478, ""mean_signed_shap"": -0.00042881021012307205, ""rank"": 9, ""source_feature_family"": ""gender""}, {""absolute_attribution_share"": 0.0018953139981012822, ""mean_absolute_shap"": 0.0011277456166096196, ""mean_signed_shap"": -0.00011542385589215916, ""rank"": 10, ""source_feature_family"": ""prior_emergency_use""}]"
race,Asian,100,True,0.0362095610372701,0.9878787878787879,1.0,prior_inpatient_use,0.33313741079410447,race,0.018793879552018555,0.018793879552018555,False,False,"[{""absolute_attribution_share"": 0.33313741079410447, ""mean_absolute_shap"": 0.18091388374567033, ""mean_signed_shap"": -0.062163476347923276, ""rank"": 1, ""source_feature_family"": ""prior_inpatient_use""}, {""absolute_attribution_share"": 0.31540330230154984, ""mean_absolute_shap"": 0.1712831838056445, ""mean_signed_shap"": -0.13455818127840757, ""rank"": 2, ""source_feature_family"": ""prior_utilization_intensity""}, {""absolute_attribution_share"": 0.17892300415558596, ""mean_absolute_shap"": 0.09716607779375408, ""mean_signed_shap"": -0.009961192839418799, ""rank"": 3, ""source_feature_family"": ""age""}, {""absolute_attribution_share"": 0.04483733025087981, ""mean_absolute_shap"": 0.02434939844533801, ""mean_signed_shap"": 0.015425931867212058, ""rank"": 4, ""source_feature_family"": ""prior_outpatient_use""}, {""absolute_attribution_share"": 0.04059923516420746, ""mean_absolute_shap"": 0.022047854947159065, ""mean_signed_shap"": -0.003292291391408071, ""rank"": 5, ""source_feature_family"": ""prior_utilization_domain_count""}, {""absolute_attribution_share"": 0.034359657446703745, ""mean_absolute_shap"": 0.01865938460059624, ""mean_signed_shap"": 0.0038408721975974913, ""rank"": 6, ""source_feature_family"": ""admission_source_id""}, {""absolute_attribution_share"": 0.028706742918771476, ""mean_absolute_shap"": 0.015589508061384549, ""mean_signed_shap"": -0.014589139874296962, ""rank"": 7, ""source_feature_family"": ""race""}, {""absolute_attribution_share"": 0.01762473518585114, ""mean_absolute_shap"": 0.009571303579687083, ""mean_signed_shap"": 0.004473815799610747, ""rank"": 8, ""source_feature_family"": ""admission_type_id""}, {""absolute_attribution_share"": 0.005294700290396824, ""mean_absolute_shap"": 0.0028753444127505644, ""mean_signed_shap"": 0.00032069964741822333, ""rank"": 9, ""source_feature_family"": ""gender""}, {""absolute_attribution_share"": 0.001113881491949356, ""mean_absolute_shap"": 0.0006049054240429542, ""mean_signed_shap"": -0.00010957091384625528, ""rank"": 10, ""source_feature_family"": ""prior_emergency_use""}]"
race,Caucasian,11278,True,0.008037257489266258,0.9878787878787879,1.0,prior_inpatient_use,0.3377902797308405,race,-0.0057299987932687806,0.0057299987932687806,False,False,"[{""absolute_attribution_share"": 0.3377902797308405, ""mean_absolute_shap"": 0.19336649761896096, ""mean_signed_shap"": -0.014789505148054459, ""rank"": 1, ""source_feature_family"": ""prior_inpatient_use""}, {""absolute_attribution_share"": 0.3354050741065629, ""mean_absolute_shap"": 0.19200109759017647, ""mean_signed_shap"": -0.0521142706213878, ""rank"": 2, ""source_feature_family"": ""prior_utilization_intensity""}, {""absolute_attribution_share"": 0.16120866230496436, ""mean_absolute_shap"": 0.09228315995530618, ""mean_signed_shap"": 0.0007320823602082413, ""rank"": 3, ""source_feature_family"": ""age""}, {""absolute_attribution_share"": 0.058490868785125105, ""mean_absolute_shap"": 0.03348282978622734, ""mean_signed_shap"": 0.009688599187336396, ""rank"": 4, ""source_feature_family"": ""prior_outpatient_use""}, {""absolute_attribution_share"": 0.040675872526115195, ""mean_absolute_shap"": 0.023284716819671415, ""mean_signed_shap"": 0.0017133601878382692, ""rank"": 5, ""source_feature_family"": ""prior_utilization_domain_count""}, {""absolute_attribution_share"": 0.03822922926530537, ""mean_absolute_shap"": 0.02188414709740822, ""mean_signed_shap"": -0.0015155350134708665, ""rank"": 6, ""source_feature_family"": ""admission_source_id""}, {""absolute_attribution_share"": 0.016764632435741073, ""mean_absolute_shap"": 0.009596837009494654, ""mean_signed_shap"": -0.0006432974000816934, ""rank"": 7, ""source_feature_family"": ""admission_type_id""}, {""absolute_attribution_share"": 0.005500401232666999, ""mean_absolute_shap"": 0.0031486794786023155, ""mean_signed_shap"": 2.8552762533823435e-05, ""rank"": 8, ""source_feature_family"": ""gender""}, {""absolute_attribution_share"": 0.00418286457348414, ""mean_absolute_shap"": 0.0023944616560119766, ""mean_signed_shap"": 0.0011454190433052745, ""rank"": 9, ""source_feature_family"": ""race""}, {""absolute_attribution_share"": 0.001752115039194464, ""mean_absolute_shap"": 0.0010029902246580522, ""mean_signed_shap"": 1.4181705080663102e-05, ""rank"": 10, ""source_feature_family"": ""prior_emergency_use""}]"
race,Hispanic,274,True,0.05342169476511477,0.9757575757575757,1.0,prior_utilization_intensity,0.32263902708383935,age,0.030282897574605783,0.030282897574605783,False,False,"[{""absolute_attribution_share"": 0.32263902708383935, ""mean_absolute_shap"": 0.19722715773395377, ""mean_signed_shap"": -0.09305380776959614, ""rank"": 1, ""source_feature_family"": ""prior_utilization_intensity""}, {""absolute_attribution_share"": 0.3100048784033755, ""mean_absolute_shap"": 0.1895039840771334, ""mean_signed_shap"": -0.0636998630353134, ""rank"": 2, ""source_feature_family"": ""prior_inpatient_use""}, {""absolute_attribution_share"": 0.1937067524472241, ""mean_absolute_shap"": 0.11841168926260445, ""mean_signed_shap"": -0.055291072839182116, ""rank"": 3, ""source_feature_family"": ""age""}, {""absolute_attribution_share"": 0.04817529854767432, ""mean_absolute_shap"": 0.029449249495391863, ""mean_signed_shap"": 0.012529795520333913, ""rank"": 4, ""source_feature_family"": ""prior_outpatient_use""}, {""absolute_attribution_share"": 0.03626638191987848, ""mean_absolute_shap"": 0.022169405517990896, ""mean_signed_shap"": -0.0049387332218542804, ""rank"": 5, ""source_feature_family"": ""prior_utilization_domain_count""}, {""absolute_attribution_share"": 0.03311741416536433, ""mean_absolute_shap"": 0.020244461825864927, ""mean_signed_shap"": 0.0010501329348021932, ""rank"": 6, ""source_feature_family"": ""admission_source_id""}, {""absolute_attribution_share"": 0.025904306856202115, ""mean_absolute_shap"": 0.015835135818796364, ""mean_signed_shap"": 0.015597645662043502, ""rank"": 7, ""source_feature_family"": ""race""}, {""absolute_attribution_share"": 0.020778975682091416, ""mean_absolute_shap"": 0.012702053906630774, ""mean_signed_shap"": 0.0016177574799310964, ""rank"": 8, ""source_feature_family"": ""admission_type_id""}, {""absolute_attribution_share"": 0.00799957449448785, ""mean_absolute_shap"": 0.00489008832839955, ""mean_signed_shap"": -0.00041343967712197084, ""rank"": 9, ""source_feature_family"": ""gender""}, {""absolute_attribution_share"": 0.0014073903998626132, ""mean_absolute_shap"": 0.0008603286803081839, ""mean_signed_shap"": -0.00023002708481049443, ""rank"": 10, ""source_feature_family"": ""prior_emergency_use""}]"
race,Other,214,True,0.054225610747778194,0.8787878787878788,0.6666666666666666,prior_inpatient_use,0.3216829488051216,race,0.05004621244522896,0.05004621244522896,False,False,"[{""absolute_attribution_share"": 0.3216829488051216, ""mean_absolute_shap"": 0.18996881004248825, ""mean_signed_shap"": -0.06612516229397783, ""rank"": 1, ""source_feature_family"": ""prior_inpatient_use""}, {""absolute_attribution_share"": 0.3100712629987329, ""mean_absolute_shap"": 0.18311156708503437, ""mean_signed_shap"": -0.09807631770305544, ""rank"": 2, ""source_feature_family"": ""prior_utilization_intensity""}, {""absolute_attribution_share"": 0.16760325317516753, ""mean_absolute_shap"": 0.09897755129142717, ""mean_signed_shap"": -0.03390120476955264, ""rank"": 3, ""source_feature_family"": ""age""}, {""absolute_attribution_share"": 0.05995907581198188, ""mean_absolute_shap"": 0.035408635507597, ""mean_signed_shap"": -0.035408635507597, ""rank"": 4, ""source_feature_family"": ""race""}, {""absolute_attribution_share"": 0.04980047380248482, ""mean_absolute_shap"": 0.029409506419133917, ""mean_signed_shap"": 0.01161117721174922, ""rank"": 5, ""source_feature_family"": ""prior_outpatient_use""}, {""absolute_attribution_share"": 0.03533913276659777, ""mean_absolute_shap"": 0.020869408915021728, ""mean_signed_shap"": -0.005013019613819371, ""rank"": 6, ""source_feature_family"": ""prior_utilization_domain_count""}, {""absolute_attribution_share"": 0.034073443893824815, ""mean_absolute_shap"": 0.020121960503665746, ""mean_signed_shap"": -0.0012131353136384997, ""rank"": 7, ""source_feature_family"": ""admission_source_id""}, {""absolute_attribution_share"": 0.014719705301312627, ""mean_absolute_shap"": 0.008692673673420222, ""mean_signed_shap"": 0.001111290119603335, ""rank"": 8, ""source_feature_family"": ""admission_type_id""}, {""absolute_attribution_share"": 0.005492725254596099, ""mean_absolute_shap"": 0.0032437108786206553, ""mean_signed_shap"": 0.00013679315615662974, ""rank"": 9, ""source_feature_family"": ""gender""}, {""absolute_attribution_share"": 0.001257978190179965, ""mean_absolute_shap"": 0.0007428948930478285, ""mean_signed_shap"": -0.000143167077231593, ""rank"": 10, ""source_feature_family"": ""prior_emergency_use""}]"
gender,Female,8030,True,0.00345844002619775,1.0,1.0,prior_inpatient_use,0.3376227430633847,prior_utilization_intensity,-0.003021047819506628,0.003021047819506628,False,False,"[{""absolute_attribution_share"": 0.3376227430633847, ""mean_absolute_shap"": 0.1941472995492768, ""mean_signed_shap"": -0.016384886205196382, ""rank"": 1, ""source_feature_family"": ""prior_inpatient_use""}, {""absolute_attribution_share"": 0.330391504237225, ""mean_absolute_shap"": 0.18998903260980343, ""mean_signed_shap"": -0.05607066765139958, ""rank"": 2, ""source_feature_family"": ""prior_utilization_intensity""}, {""absolute_attribution_share"": 0.1638658074046978, ""mean_absolute_shap"": 0.0942297420707563, ""mean_signed_shap"": -0.003404275902674788, ""rank"": 3, ""source_feature_family"": ""age""}, {""absolute_attribution_share"": 0.05682841826994316, ""mean_absolute_shap"": 0.0326787343905174, ""mean_signed_shap"": 0.011022185152431354, ""rank"": 4, ""source_feature_family"": ""prior_outpatient_use""}, {""absolute_attribution_share"": 0.040369497904618495, ""mean_absolute_shap"": 0.02321416185185856, ""mean_signed_shap"": 0.001489920384802358, ""rank"": 5, ""source_feature_family"": ""prior_utilization_domain_count""}, {""absolute_attribution_share"": 0.03758275211304221, ""mean_absolute_shap"": 0.02161166563061533, ""mean_signed_shap"": -0.0008188367542830364, ""rank"": 6, ""source_feature_family"": ""admission_source_id""}, {""absolute_attribution_share"": 0.016432132058047527, ""mean_absolute_shap"": 0.009449168133522612, ""mean_signed_shap"": -0.0003085330180758981, ""rank"": 7, ""source_feature_family"": ""admission_type_id""}, {""absolute_attribution_share"": 0.009940194295044504, ""mean_absolute_shap"": 0.0057160304482678425, ""mean_signed_shap"": -0.0006263550642154724, ""rank"": 8, ""source_feature_family"": ""race""}, {""absolute_attribution_share"": 0.005205686353127227, ""mean_absolute_shap"": 0.002993488941503069, ""mean_signed_shap"": -0.0028577625423687647, ""rank"": 9, ""source_feature_family"": ""gender""}, {""absolute_attribution_share"": 0.0017612643008692534, ""mean_absolute_shap"": 0.0010128011658921757, ""mean_signed_shap"": -7.699534109807955e-05, ""rank"": 10, ""source_feature_family"": ""prior_emergency_use""}]"
gender,Male,7022,True,0.0038999389494339936,0.9878787878787879,1.0,prior_utilization_intensity,0.3368192620098169,prior_utilization_intensity,0.0034067099530852296,0.0034067099530852296,False,False,"[{""absolute_attribution_share"": 0.3368192620098169, ""mean_absolute_shap"": 0.19641458811341858, ""mean_signed_shap"": -0.055797096735226724, ""rank"": 1, ""source_feature_family"": ""prior_utilization_intensity""}, {""absolute_attribution_share"": 0.3349569356180765, ""mean_absolute_shap"": 0.19532858112859305, ""mean_signed_shap"": -0.01691003712077183, ""rank"": 2, ""source_feature_family"": ""prior_inpatient_use""}, {""absolute_attribution_share"": 0.16292548338703475, ""mean_absolute_shap"": 0.09500923884724667, ""mean_signed_shap"": -0.015462478626229818, ""rank"": 3, ""source_feature_family"": ""age""}, {""absolute_attribution_share"": 0.05693610161226479, ""mean_absolute_shap"": 0.03320202318663947, ""mean_signed_shap"": 0.01127445476280318, ""rank"": 4, ""source_feature_family"": ""prior_outpatient_use""}, {""absolute_attribution_share"": 0.04015505361577086, ""mean_absolute_shap"": 0.023416232995558308, ""mean_signed_shap"": 0.0010258503735005578, ""rank"": 5, ""source_feature_family"": ""prior_utilization_domain_count""}, {""absolute_attribution_share"": 0.03498955316575095, ""mean_absolute_shap"": 0.020403995401911512, ""mean_signed_shap"": -0.000489294977684393, ""rank"": 6, ""source_feature_family"": ""admission_source_id""}, {""absolute_attribution_share"": 0.015595104980302244, ""mean_absolute_shap"": 0.009094213029901809, ""mean_signed_shap"": 6.48475761504763e-05, ""rank"": 7, ""source_feature_family"": ""admission_type_id""}, {""absolute_attribution_share"": 0.009882043415861443, ""mean_absolute_shap"": 0.00576266771580532, ""mean_signed_shap"": -0.0012467373386100976, ""rank"": 8, ""source_feature_family"": ""race""}, {""absolute_attribution_share"": 0.006028624213845549, ""mean_absolute_shap"": 0.0035155642073063605, ""mean_signed_shap"": 0.0031493926474962016, ""rank"": 9, ""source_feature_family"": ""gender""}, {""absolute_attribution_share"": 0.0017118379812760796, ""mean_absolute_shap"": 0.0009982503672828764, ""mean_signed_shap"": 5.123064928285977e-05, ""rank"": 10, ""source_feature_family"": ""prior_emergency_use""}]"
