source_feature_family,transformed_feature_count,mean_absolute_shap,mean_signed_shap,absolute_attribution_share,global_family_rank
prior_inpatient_use,1,0.19469838639819778,-0.01662987755047746,0.29984520691053024,1
prior_utilization_intensity,1,0.19298665755973604,-0.05594304242064182,0.29720905929144537,2
age,10,0.14726780993531938,-0.00902962134014512,0.22679975811923433,3
prior_outpatient_use,1,0.03292285702713507,0.011139872981559109,0.050702838682994335,4
admission_source_id,17,0.030991877561297565,-0.0006651002172596723,0.04772903418371168,5
prior_utilization_domain_count,1,0.02330843128921304,0.0012734242633991397,0.0358961444517583,6
admission_type_id,8,0.013561327535287961,-0.00013434496780632586,0.020885119471321562,7
race,6,0.009239408666580533,-0.000915773369477169,0.014229149273460185,8
gender,3,0.003346891517590256,-5.532806567252534e-05,0.005154379541423042,9
prior_emergency_use,1,0.001006012984399052,-1.717585501948828e-05,0.001549310074120912,10
