transformed_feature,source_feature_family,mean_absolute_shap,mean_signed_shap,absolute_attribution_share,global_rank
numeric__prior_inpatient_use,prior_inpatient_use,0.19469838639819778,-0.01662987755047746,0.29984520691053024,1
numeric__prior_utilization_intensity,prior_utilization_intensity,0.19298665755973604,-0.05594304242064182,0.29720905929144537,2
categorical__age_[50-60),age,0.05006888964279759,-0.003415916605641926,0.07710858242050699,3
numeric__prior_outpatient_use,prior_outpatient_use,0.03292285702713507,0.011139872981559109,0.050702838682994335,4
categorical__age_[70-80),age,0.03134950485306072,-0.0015440697452511788,0.04827979801529405,5
categorical__age_[80-90),age,0.026331622176193902,-0.00037773800481684703,0.040552008908605164,6
numeric__prior_utilization_domain_count,prior_utilization_domain_count,0.02330843128921304,0.0012734242633991397,0.0358961444517583,7
categorical__age_[40-50),age,0.021432708095009367,-0.00022159499584192545,0.033007437361384145,8
categorical__admission_source_id_7,admission_source_id,0.015467827264112943,-0.00016369898792313896,0.02382122395703233,9
categorical__admission_source_id_17,admission_source_id,0.006533521815942745,-0.00043652270253951545,0.010061948827604406,10
categorical__age_[30-40),age,0.006270662398406234,-0.0006788554020500733,0.009657132239764691,11
categorical__admission_type_id_1,admission_type_id,0.004799386471415429,-9.981036084157633e-05,0.007391294073808923,12
categorical__age_[10-20),age,0.004730806076068238,-0.0006491343721591415,0.007285676851122609,13
categorical__admission_source_id_1,admission_source_id,0.004007180174561337,6.731437950674095e-05,0.0061712569415533726,14
categorical__admission_type_id_5,admission_type_id,0.0037991681141086647,-0.00029711070939560786,0.0058509080138598735,15
categorical__race___MISSING_OR_UNKNOWN__,race,0.0036637896710097844,-0.000393406696405846,0.005642418472507491,16
categorical__age_[20-30),age,0.0036582092210862703,-0.0014694156484151874,0.0056338243018370275,17
categorical__admission_source_id_6,admission_source_id,0.002636652657058113,2.3100356234810594e-05,0.004060576341346131,18
categorical__age_[0-10),age,0.002600819674555051,-0.0006654488315089976,0.004005391764567576,19
categorical__admission_type_id_6,admission_type_id,0.0024163049560398113,0.00027984839765170114,0.003721229913127844,20
categorical__race_Caucasian,race,0.001992339716865957,-0.0003056883483007985,0.0030683023403077873,21
categorical__gender_Male,gender,0.001965947215997686,2.812587676282478e-05,0.0030276565751829135,22
categorical__race_AfricanAmerican,race,0.001818731276833854,-0.00014672062281735298,0.002800936700633836,23
categorical__gender_Female,gender,0.0013809443015925702,-8.345394243535013e-05,0.0021267229662401284,24
categorical__admission_type_id_3,admission_type_id,0.0012200851150226976,5.752650860896589e-05,0.0018789918115408952,25
numeric__prior_emergency_use,prior_emergency_use,0.001006012984399052,-1.717585501948828e-05,0.001549310074120912,26
categorical__race_Other,race,0.0009055130278292413,-1.8770999828969523e-05,0.0013945351382334459,27
categorical__admission_source_id_3,admission_source_id,0.0007474541268012127,-0.0002765665492484832,0.001151116562663582,28
categorical__admission_type_id_2,admission_type_id,0.0007406030123472875,-8.609187612573324e-06,0.0011405655053640957,29
categorical__race_Hispanic,race,0.0006901764364364921,-3.211423489969421e-05,0.0010629060682856692,30
categorical__age_[90-100),age,0.0006827571546079941,-1.0561881872589725e-05,0.0010514800049466352,31
categorical__admission_type_id_8,admission_type_id,0.000585779866354071,-6.618961621723539e-05,0.0009021301536199326,32
categorical__admission_source_id_4,admission_source_id,0.0005711294377897877,-2.2101574840566963e-05,0.0008795677643497865,33
categorical__admission_source_id_2,admission_source_id,0.00045403261736854576,-2.9908318084075622e-05,0.0006992328319587008,34
categorical__admission_source_id_9,admission_source_id,0.0003280780113293524,0.00011431916246334276,0.0005052564687857914,35
categorical__race_Asian,race,0.00016885853760520447,-1.9072467224507903e-05,0.0002600505534919562,36
categorical__admission_source_id_5,admission_source_id,0.00015975985197179835,5.192851779534274e-05,0.00024603812469461213,37
categorical__age_[60-70),age,0.0001418306435339819,3.1141474127478378e-06,0.00021842625120540863,38
categorical__admission_source_id_20,admission_source_id,8.624160436173185e-05,7.035499375870678e-06,0.00013281636372297606,39
categorical__gender___MISSING_OR_UNKNOWN__,gender,0.0,0.0,0.0,40
categorical__admission_type_id_4,admission_type_id,0.0,0.0,0.0,41
categorical__admission_type_id_7,admission_type_id,0.0,0.0,0.0,42
categorical__admission_source_id_8,admission_source_id,0.0,0.0,0.0,43
categorical__admission_source_id_10,admission_source_id,0.0,0.0,0.0,44
categorical__admission_source_id_11,admission_source_id,0.0,0.0,0.0,45
categorical__admission_source_id_13,admission_source_id,0.0,0.0,0.0,46
categorical__admission_source_id_14,admission_source_id,0.0,0.0,0.0,47
categorical__admission_source_id_22,admission_source_id,0.0,0.0,0.0,48
categorical__admission_source_id_25,admission_source_id,0.0,0.0,0.0,49
