case_type,validation_row_position,direction,rank_within_direction,transformed_feature,source_feature_family,shap_value
true_negative_low_probability,2578,UPWARD,1,categorical__age_[50-60),age,0.02913636527955532
true_negative_low_probability,2578,UPWARD,2,numeric__prior_outpatient_use,prior_outpatient_use,0.017191536724567413
true_negative_low_probability,2578,UPWARD,3,categorical__age_[40-50),age,0.010513239540159702
true_negative_low_probability,2578,UPWARD,4,categorical__age_[30-40),age,0.0025651974137872458
true_negative_low_probability,2578,UPWARD,5,categorical__admission_source_id_17,admission_source_id,0.0024591488763689995
true_negative_low_probability,2578,DOWNWARD,1,categorical__age_[0-10),age,-1.0091307163238525
true_negative_low_probability,2578,DOWNWARD,2,numeric__prior_utilization_intensity,prior_utilization_intensity,-0.23971202969551086
true_negative_low_probability,2578,DOWNWARD,3,numeric__prior_inpatient_use,prior_inpatient_use,-0.16819237172603607
true_negative_low_probability,2578,DOWNWARD,4,numeric__prior_utilization_domain_count,prior_utilization_domain_count,-0.03515196964144707
true_negative_low_probability,2578,DOWNWARD,5,categorical__age_[70-80),age,-0.032227255403995514
false_negative_highest_probability,11946,UPWARD,1,numeric__prior_inpatient_use,prior_inpatient_use,0.23573336005210876
false_negative_highest_probability,11946,UPWARD,2,numeric__prior_utilization_domain_count,prior_utilization_domain_count,0.037288181483745575
false_negative_highest_probability,11946,UPWARD,3,numeric__prior_outpatient_use,prior_outpatient_use,0.024893900379538536
false_negative_highest_probability,11946,UPWARD,4,categorical__age_[50-60),age,0.015938399359583855
false_negative_highest_probability,11946,UPWARD,5,categorical__race_AfricanAmerican,race,0.015763673931360245
false_negative_highest_probability,11946,DOWNWARD,1,numeric__prior_utilization_intensity,prior_utilization_intensity,-0.15231645107269287
false_negative_highest_probability,11946,DOWNWARD,2,categorical__age_[40-50),age,-0.08968572318553925
false_negative_highest_probability,11946,DOWNWARD,3,categorical__age_[70-80),age,-0.01353563740849495
false_negative_highest_probability,11946,DOWNWARD,4,categorical__admission_source_id_7,admission_source_id,-0.012653733603656292
false_negative_highest_probability,11946,DOWNWARD,5,categorical__age_[80-90),age,-0.010035587474703789
true_positive_nearest_threshold,6646,UPWARD,1,numeric__prior_utilization_intensity,prior_utilization_intensity,0.19906972348690033
true_positive_nearest_threshold,6646,UPWARD,2,categorical__age_[70-80),age,0.05827152729034424
true_positive_nearest_threshold,6646,UPWARD,3,categorical__age_[50-60),age,0.03308586776256561
true_positive_nearest_threshold,6646,UPWARD,4,numeric__prior_utilization_domain_count,prior_utilization_domain_count,0.025783492252230644
true_positive_nearest_threshold,6646,UPWARD,5,categorical__admission_source_id_7,admission_source_id,0.015905382111668587
true_positive_nearest_threshold,6646,DOWNWARD,1,numeric__prior_inpatient_use,prior_inpatient_use,-0.1944293975830078
true_positive_nearest_threshold,6646,DOWNWARD,2,numeric__prior_outpatient_use,prior_outpatient_use,-0.07621696591377258
true_positive_nearest_threshold,6646,DOWNWARD,3,categorical__age_[80-90),age,-0.013874637894332409
true_positive_nearest_threshold,6646,DOWNWARD,4,categorical__gender_Female,gender,-0.0036778391804546118
true_positive_nearest_threshold,6646,DOWNWARD,5,categorical__admission_source_id_1,admission_source_id,-0.002781979274004698
false_positive_nearest_threshold,13838,UPWARD,1,numeric__prior_inpatient_use,prior_inpatient_use,0.26566651463508606
false_positive_nearest_threshold,13838,UPWARD,2,numeric__prior_utilization_domain_count,prior_utilization_domain_count,0.038680944591760635
false_positive_nearest_threshold,13838,UPWARD,3,numeric__prior_outpatient_use,prior_outpatient_use,0.030061999335885048
false_positive_nearest_threshold,13838,UPWARD,4,categorical__age_[40-50),age,0.008625318296253681
false_positive_nearest_threshold,13838,UPWARD,5,categorical__admission_source_id_1,admission_source_id,0.008581453934311867
false_positive_nearest_threshold,13838,DOWNWARD,1,numeric__prior_utilization_intensity,prior_utilization_intensity,-0.14706937968730927
false_positive_nearest_threshold,13838,DOWNWARD,2,categorical__age_[50-60),age,-0.10653840005397797
false_positive_nearest_threshold,13838,DOWNWARD,3,categorical__age_[70-80),age,-0.01855863258242607
false_positive_nearest_threshold,13838,DOWNWARD,4,categorical__age_[80-90),age,-0.009643112309277058
false_positive_nearest_threshold,13838,DOWNWARD,5,categorical__race_Caucasian,race,-0.00478461803868413
true_positive_high_probability,15031,UPWARD,1,numeric__prior_utilization_intensity,prior_utilization_intensity,1.1369458436965942
true_positive_high_probability,15031,UPWARD,2,numeric__prior_inpatient_use,prior_inpatient_use,0.5235353708267212
true_positive_high_probability,15031,UPWARD,3,categorical__age_[20-30),age,0.33986252546310425
true_positive_high_probability,15031,UPWARD,4,numeric__prior_outpatient_use,prior_outpatient_use,0.13760682940483093
true_positive_high_probability,15031,UPWARD,5,categorical__age_[50-60),age,0.028697669506072998
true_positive_high_probability,15031,DOWNWARD,1,categorical__gender_Female,gender,-0.0334346704185009
true_positive_high_probability,15031,DOWNWARD,2,categorical__age_[70-80),age,-0.01574748568236828
true_positive_high_probability,15031,DOWNWARD,3,numeric__prior_utilization_domain_count,prior_utilization_domain_count,-0.011161482892930508
true_positive_high_probability,15031,DOWNWARD,4,categorical__age_[30-40),age,-0.004534376319497824
true_positive_high_probability,15031,DOWNWARD,5,categorical__age_[80-90),age,-0.0029554306529462337
