position,feature_name,feature_type,authorized_for_primary_pathway,source_feature_contract_sha256
1,race,categorical,True,277CCC7C847B2FE6882A4072EA991B1FEF701D0222471B8B1F583DE06924C0BC
2,gender,categorical,True,277CCC7C847B2FE6882A4072EA991B1FEF701D0222471B8B1F583DE06924C0BC
3,age,categorical,True,277CCC7C847B2FE6882A4072EA991B1FEF701D0222471B8B1F583DE06924C0BC
4,admission_type_id,categorical,True,277CCC7C847B2FE6882A4072EA991B1FEF701D0222471B8B1F583DE06924C0BC
5,admission_source_id,categorical,True,277CCC7C847B2FE6882A4072EA991B1FEF701D0222471B8B1F583DE06924C0BC
6,prior_outpatient_use,numeric,True,277CCC7C847B2FE6882A4072EA991B1FEF701D0222471B8B1F583DE06924C0BC
7,prior_emergency_use,numeric,True,277CCC7C847B2FE6882A4072EA991B1FEF701D0222471B8B1F583DE06924C0BC
8,prior_inpatient_use,numeric,True,277CCC7C847B2FE6882A4072EA991B1FEF701D0222471B8B1F583DE06924C0BC
9,prior_utilization_intensity,numeric,True,277CCC7C847B2FE6882A4072EA991B1FEF701D0222471B8B1F583DE06924C0BC
10,prior_utilization_domain_count,numeric,True,277CCC7C847B2FE6882A4072EA991B1FEF701D0222471B8B1F583DE06924C0BC
