control_id,domain,control_name,signal,reference_type,cadence,d14_risk_ids,governance_action,production_deployment_authorized
D15-MON-001,DATA_QUALITY,REQUIRED_INPUT_COMPLETENESS,required_input_missingness_rate,STRUCTURAL_CONTRACT,CONTINUOUS_AND_WINDOWED,[],BLOCK_INVALID_INFERENCE_AND_REVIEW_DATA_PIPELINE,False
D15-MON-002,SCHEMA_INTEGRITY,INFERENCE_SCHEMA_CONFORMANCE,schema_validation_failure_rate,STRUCTURAL_CONTRACT,CONTINUOUS,[],BLOCK_INVALID_INFERENCE_AND_ESCALATE_SCHEMA_CHANGE,False
D15-MON-003,MISSINGNESS,INPUT_MISSINGNESS_SURVEILLANCE,feature_missingness_profile,EMPIRICAL_BASELINE,MONITORING_WINDOW,[],REVIEW_DATA_QUALITY_AND_SOURCE_SYSTEM,False
D15-MON-004,UNKNOWN_CATEGORY_RATE,UNKNOWN_CATEGORY_SURVEILLANCE,unknown_category_rate_by_feature,EMPIRICAL_BASELINE,MONITORING_WINDOW,"[""D14-RISK-003"", ""D14-RISK-006""]",REVIEW_REPRESENTATION_AND_TRANSPORTABILITY,False
D15-MON-005,INPUT_DISTRIBUTION,INPUT_DISTRIBUTION_SHIFT,feature_distribution_shift,EMPIRICAL_BASELINE,MONITORING_WINDOW,"[""D14-RISK-006""]",REVIEW_POPULATION_SHIFT_AND_EXTERNAL_VALIDITY,False
D15-MON-006,PREDICTION_DISTRIBUTION,PREDICTION_DISTRIBUTION_SHIFT,prediction_probability_distribution,D14_LOCKED_TEST_REFERENCE,MONITORING_WINDOW,"[""D14-RISK-001"", ""D14-RISK-005"", ""D14-RISK-006""]",REVIEW_MODEL_BEHAVIOR_AND_POPULATION_SHIFT,False
D15-MON-007,ALERT_RATE,ALERT_RATE_SURVEILLANCE,alert_rate,D14_LOCKED_TEST_REFERENCE,MONITORING_WINDOW,"[""D14-RISK-001"", ""D14-RISK-004"", ""D14-RISK-006""]",REVIEW_WORKLOAD_AND_OPERATING_BEHAVIOR,False
D15-MON-008,MODEL_DISCRIMINATION,DISCRIMINATION_SURVEILLANCE,roc_auc_and_pr_auc,D14_LOCKED_TEST_REFERENCE,OUTCOME_MATURED_WINDOW,"[""D14-RISK-005"", ""D14-RISK-006""]",ESCALATE_PERFORMANCE_DEGRADATION_REVIEW,False
D15-MON-009,MODEL_CALIBRATION,CALIBRATION_SURVEILLANCE,brier_logloss_calibration_profile,D14_LOCKED_TEST_REFERENCE,OUTCOME_MATURED_WINDOW,"[""D14-RISK-005"", ""D14-RISK-006""]",ESCALATE_CALIBRATION_REVIEW,False
D15-MON-010,OPERATING_POINT_PERFORMANCE,FROZEN_THRESHOLD_PERFORMANCE,sensitivity_specificity_ppv_npv_f1_alert_rate,D14_LOCKED_TEST_REFERENCE,OUTCOME_MATURED_WINDOW,"[""D14-RISK-001"", ""D14-RISK-005"", ""D14-RISK-006""]",ESCALATE_OPERATING_POINT_REVIEW,False
D15-MON-011,SUBGROUP_PERFORMANCE,SUBGROUP_HETEROGENEITY_SURVEILLANCE,race_gender_age_subgroup_performance,D14_LOCKED_TEST_REFERENCE,OUTCOME_MATURED_WINDOW,"[""D14-RISK-003"", ""D14-RISK-006""]",ESCALATE_RESPONSIBLE_AI_REVIEW,False
D15-MON-012,UTILIZATION_DEPENDENCE,UTILIZATION_DEPENDENCE_SURVEILLANCE,performance_by_prior_utilization_structure,D14_LOCKED_TEST_REFERENCE,OUTCOME_MATURED_WINDOW,"[""D14-RISK-001"", ""D14-RISK-002""]",ESCALATE_STRUCTURAL_MODEL_BEHAVIOR_REVIEW,False
D15-MON-013,ADMISSION_CONTEXT_PERFORMANCE,ADMISSION_CONTEXT_SURVEILLANCE,performance_by_admission_context,D14_LOCKED_TEST_REFERENCE,OUTCOME_MATURED_WINDOW,"[""D14-RISK-004"", ""D14-RISK-006""]",ESCALATE_CONTEXT_SPECIFIC_PERFORMANCE_REVIEW,False
D15-MON-014,EXPLAINABILITY_STABILITY,ATTRIBUTION_STABILITY_SURVEILLANCE,source_family_attribution_distribution,D14_LOCKED_TEST_REFERENCE,PERIODIC_MODEL_REVIEW,"[""D14-RISK-002"", ""D14-RISK-006""]",ESCALATE_EXPLAINABILITY_REVIEW,False
D15-MON-015,CLINICAL_OVERRIDE_RATE,HUMAN_OVERRIDE_SURVEILLANCE,human_override_rate_and_reason_distribution,PROSPECTIVE_OPERATIONAL_BASELINE,MONITORING_WINDOW,"[""D14-RISK-007""]",REVIEW_HUMAN_MODEL_DISAGREEMENT,False
D15-MON-016,WORKFLOW_ADOPTION,WORKFLOW_ADOPTION_SURVEILLANCE,review_completion_and_response_metrics,PROSPECTIVE_OPERATIONAL_BASELINE,MONITORING_WINDOW,"[""D14-RISK-007""]",REVIEW_WORKFLOW_INTEGRATION_AND_USABILITY,False
D15-MON-017,INCIDENTS,MODEL_INCIDENT_SURVEILLANCE,model_safety_and_governance_incident_events,ZERO_TOLERANCE_EVENT_CONTROL,CONTINUOUS,"[""D14-RISK-001"", ""D14-RISK-002"", ""D14-RISK-003"", ""D14-RISK-004"", ""D14-RISK-005"", ""D14-RISK-006"", ""D14-RISK-007""]",ACTIVATE_INCIDENT_MANAGEMENT_AND_ESCALATION,False
