control_domain,control_id,control_classification,control_requirement,implementation_status,production_deployment_authorized
INCIDENT_MANAGEMENT,SEV1,CRITICAL,IMMEDIATE_FAIL_CLOSED_AND_FORMAL_INCIDENT_RESPONSE,DESIGNED_AND_VALIDATED_NOT_LIVE_IMPLEMENTED,False
INCIDENT_MANAGEMENT,SEV2,HIGH,FORMAL_GOVERNANCE_REVIEW_AND_SUSPENSION_CONSIDERATION,DESIGNED_AND_VALIDATED_NOT_LIVE_IMPLEMENTED,False
INCIDENT_MANAGEMENT,SEV3,MODERATE,INVESTIGATE_DOCUMENT_AND_MONITOR,DESIGNED_AND_VALIDATED_NOT_LIVE_IMPLEMENTED,False
INCIDENT_MANAGEMENT,SEV4,LOW,ROUTINE_CORRECTIVE_ACTION,DESIGNED_AND_VALIDATED_NOT_LIVE_IMPLEMENTED,False
CHANGE_CONTROL,DOCUMENTATION_ONLY,GOVERNED_CHANGE_CLASS,"{'model_behavior_change': False, 'revalidation_required': False, 'new_model_version_required': False}",DESIGNED_AND_VALIDATED,False
CHANGE_CONTROL,NON_MODEL_TECHNICAL,GOVERNED_CHANGE_CLASS,"{'model_behavior_change': False, 'revalidation_required': True, 'new_model_version_required': False}",DESIGNED_AND_VALIDATED,False
CHANGE_CONTROL,MODEL_AFFECTING,GOVERNED_CHANGE_CLASS,"{'model_behavior_change': True, 'revalidation_required': True, 'new_model_version_required': True}",DESIGNED_AND_VALIDATED,False
CHANGE_CONTROL,CLINICAL_USE_CHANGE,GOVERNED_CHANGE_CLASS,"{'model_behavior_change': 'POSSIBLE', 'revalidation_required': True, 'new_model_version_required': 'REVIEW_REQUIRED'}",DESIGNED_AND_VALIDATED,False
ROLLBACK,FROZEN_ARTIFACT_IDENTITY_FAILURE,ROLLBACK_TRIGGER,FORMAL_ROLLBACK_OR_AI_SERVICE_SUSPENSION_DECISION_REQUIRED,DESIGNED_AND_VALIDATED_NOT_LIVE_IMPLEMENTED,False
ROLLBACK,SYSTEMATIC_INVALID_INFERENCE,ROLLBACK_TRIGGER,FORMAL_ROLLBACK_OR_AI_SERVICE_SUSPENSION_DECISION_REQUIRED,DESIGNED_AND_VALIDATED_NOT_LIVE_IMPLEMENTED,False
ROLLBACK,PATIENT_SAFETY_INCIDENT,ROLLBACK_TRIGGER,FORMAL_ROLLBACK_OR_AI_SERVICE_SUSPENSION_DECISION_REQUIRED,DESIGNED_AND_VALIDATED_NOT_LIVE_IMPLEMENTED,False
ROLLBACK,UNAUTHORIZED_CHANGE,ROLLBACK_TRIGGER,FORMAL_ROLLBACK_OR_AI_SERVICE_SUSPENSION_DECISION_REQUIRED,DESIGNED_AND_VALIDATED_NOT_LIVE_IMPLEMENTED,False
ROLLBACK,CRITICAL_DATA_PIPELINE_FAILURE,ROLLBACK_TRIGGER,FORMAL_ROLLBACK_OR_AI_SERVICE_SUSPENSION_DECISION_REQUIRED,DESIGNED_AND_VALIDATED_NOT_LIVE_IMPLEMENTED,False
ROLLBACK,CRITICAL_MONITORING_ALERT,ROLLBACK_TRIGGER,FORMAL_ROLLBACK_OR_AI_SERVICE_SUSPENSION_DECISION_REQUIRED,DESIGNED_AND_VALIDATED_NOT_LIVE_IMPLEMENTED,False
ROLLBACK,SECURITY_OR_PRIVACY_INCIDENT,ROLLBACK_TRIGGER,FORMAL_ROLLBACK_OR_AI_SERVICE_SUSPENSION_DECISION_REQUIRED,DESIGNED_AND_VALIDATED_NOT_LIVE_IMPLEMENTED,False
BUSINESS_CONTINUITY,CLINICAL_WORKFLOW_CONTINUITY,SAFE_FALLBACK,STANDARD_CLINICIAN_LED_DISCHARGE_AND_READMISSION_PREVENTION_WORKFLOW,DESIGNED_AND_VALIDATED,False
