trigger_id,domain,trigger_type,condition,status,action,production_deployment_authorized
D15-ESC-001,SCHEMA_INTEGRITY,DETERMINISTIC,SCHEMA_VALIDATION_FAILURE,CRITICAL,BLOCK_INFERENCE_AND_ESCALATE_SCHEMA_CHANGE,False
D15-ESC-002,DATA_QUALITY,DETERMINISTIC,REQUIRED_INPUT_VALIDATION_FAILURE,CRITICAL,BLOCK_INFERENCE_AND_REVIEW_DATA_PIPELINE,False
D15-ESC-003,MODEL_VERSION_CONTROL,DETERMINISTIC,FROZEN_ARTIFACT_IDENTITY_FAILURE,CRITICAL,BLOCK_INFERENCE_AND_ACTIVATE_MODEL_INTEGRITY_REVIEW,False
D15-ESC-004,INCIDENTS,EVENT,MODEL_SAFETY_OR_GOVERNANCE_INCIDENT,CRITICAL,ACTIVATE_INCIDENT_MANAGEMENT,False
D15-ESC-005,MODEL_DISCRIMINATION,EVIDENCE_DEPENDENT,MATERIAL_DISCRIMINATION_CHANGE,ALERT,FORMAL_PERFORMANCE_REVIEW,False
D15-ESC-006,MODEL_CALIBRATION,EVIDENCE_DEPENDENT,MATERIAL_CALIBRATION_CHANGE,ALERT,FORMAL_CALIBRATION_REVIEW,False
D15-ESC-007,OPERATING_POINT_PERFORMANCE,EVIDENCE_DEPENDENT,MATERIAL_OPERATING_POINT_CHANGE,ALERT,FORMAL_OPERATING_POINT_REVIEW,False
D15-ESC-008,SUBGROUP_PERFORMANCE,EVIDENCE_DEPENDENT,MATERIAL_SUBGROUP_HETEROGENEITY_CHANGE,ALERT,RESPONSIBLE_AI_REVIEW,False
D15-ESC-009,UTILIZATION_DEPENDENCE,EVIDENCE_DEPENDENT,MATERIAL_UTILIZATION_DEPENDENCE_CHANGE,ALERT,STRUCTURAL_MODEL_BEHAVIOR_REVIEW,False
D15-ESC-010,ADMISSION_CONTEXT_PERFORMANCE,EVIDENCE_DEPENDENT,MATERIAL_ADMISSION_CONTEXT_CHANGE,ALERT,CONTEXT_SPECIFIC_PERFORMANCE_REVIEW,False
D15-ESC-011,EXPLAINABILITY_STABILITY,EVIDENCE_DEPENDENT,MATERIAL_ATTRIBUTION_SHIFT,ALERT,EXPLAINABILITY_GOVERNANCE_REVIEW,False
D15-ESC-012,INPUT_DISTRIBUTION,EVIDENCE_DEPENDENT,MATERIAL_INPUT_DISTRIBUTION_SHIFT,WATCH,INVESTIGATE_POPULATION_AND_DATA_SHIFT,False
D15-ESC-013,PREDICTION_DISTRIBUTION,EVIDENCE_DEPENDENT,MATERIAL_PREDICTION_DISTRIBUTION_SHIFT,WATCH,INVESTIGATE_MODEL_BEHAVIOR_SHIFT,False
D15-ESC-014,ALERT_RATE,EVIDENCE_DEPENDENT,MATERIAL_ALERT_RATE_CHANGE,WATCH,INVESTIGATE_WORKLOAD_AND_OPERATING_BEHAVIOR,False
D15-ESC-015,CLINICAL_OVERRIDE_RATE,EVIDENCE_DEPENDENT,MATERIAL_OVERRIDE_PATTERN_CHANGE,WATCH,REVIEW_HUMAN_MODEL_DISAGREEMENT,False
D15-ESC-016,WORKFLOW_ADOPTION,EVIDENCE_DEPENDENT,MATERIAL_WORKFLOW_ADOPTION_CHANGE,WATCH,REVIEW_WORKFLOW_INTEGRATION,False
D15-ESC-017,OUTCOME_EVIDENCE,EVIDENCE_AVAILABILITY,OUTCOME_EVIDENCE_NOT_MATURE,NOT_ASSESSABLE,DO_NOT_INFER_PERFORMANCE_STABILITY,False
