column,native_missing_count,sentinel_missing_count,total_missing_count,missing_pct,completeness_pct
weight,0,98569,98569,96.8585,3.1415
max_glu_serum,96420,0,96420,94.7468,5.2532
A1Cresult,84748,0,84748,83.2773,16.7227
medical_specialty,0,49949,49949,49.0822,50.9178
payer_code,0,40256,40256,39.5574,60.4426
race,0,2273,2273,2.2336,97.7664
diag_3,0,1423,1423,1.3983,98.6017
diag_2,0,358,358,0.3518,99.6482
diag_1,0,21,21,0.0206,99.9794
gender,0,3,3,0.0029,99.9971
acarbose,0,0,0,0.0,100.0
acetohexamide,0,0,0,0.0,100.0
admission_source_id,0,0,0,0.0,100.0
admission_type_id,0,0,0,0.0,100.0
age,0,0,0,0.0,100.0
change,0,0,0,0.0,100.0
chlorpropamide,0,0,0,0.0,100.0
citoglipton,0,0,0,0.0,100.0
diabetesMed,0,0,0,0.0,100.0
discharge_disposition_id,0,0,0,0.0,100.0
encounter_id,0,0,0,0.0,100.0
examide,0,0,0,0.0,100.0
glimepiride,0,0,0,0.0,100.0
glimepiride-pioglitazone,0,0,0,0.0,100.0
glipizide,0,0,0,0.0,100.0
glipizide-metformin,0,0,0,0.0,100.0
glyburide,0,0,0,0.0,100.0
glyburide-metformin,0,0,0,0.0,100.0
insulin,0,0,0,0.0,100.0
metformin,0,0,0,0.0,100.0
metformin-pioglitazone,0,0,0,0.0,100.0
metformin-rosiglitazone,0,0,0,0.0,100.0
miglitol,0,0,0,0.0,100.0
nateglinide,0,0,0,0.0,100.0
num_lab_procedures,0,0,0,0.0,100.0
num_medications,0,0,0,0.0,100.0
num_procedures,0,0,0,0.0,100.0
number_diagnoses,0,0,0,0.0,100.0
number_emergency,0,0,0,0.0,100.0
number_inpatient,0,0,0,0.0,100.0
number_outpatient,0,0,0,0.0,100.0
patient_nbr,0,0,0,0.0,100.0
pioglitazone,0,0,0,0.0,100.0
readmitted,0,0,0,0.0,100.0
repaglinide,0,0,0,0.0,100.0
rosiglitazone,0,0,0,0.0,100.0
time_in_hospital,0,0,0,0.0,100.0
tolazamide,0,0,0,0.0,100.0
tolbutamide,0,0,0,0.0,100.0
troglitazone,0,0,0,0.0,100.0
