analysis_level,dimension,category,count,percentage
encounter,age,[70-80),26068,25.6156
encounter,age,[60-70),22483,22.0928
encounter,age,[50-60),17256,16.9565
encounter,age,[80-90),17197,16.8986
encounter,age,[40-50),9685,9.5169
encounter,age,[30-40),3775,3.7095
encounter,age,[90-100),2793,2.7445
encounter,age,[20-30),1657,1.6282
encounter,age,[10-20),691,0.679
encounter,age,[0-10),161,0.1582
encounter,gender,Female,54708,53.7586
encounter,gender,Male,47055,46.2384
encounter,gender,Unknown/Invalid,3,0.0029
encounter,race,Caucasian,76099,74.7784
encounter,race,AfricanAmerican,19210,18.8766
encounter,race,?,2273,2.2336
encounter,race,Hispanic,2037,2.0017
encounter,race,Other,1506,1.4799
encounter,race,Asian,641,0.6299
patient,age,[70-80),18210,25.4621
patient,age,[60-70),15960,22.3161
patient,age,[50-60),12466,17.4306
patient,age,[80-90),11589,16.2043
patient,age,[40-50),6878,9.6172
patient,age,[30-40),2699,3.7739
patient,age,[90-100),1900,2.6567
patient,age,[20-30),1127,1.5758
patient,age,[10-20),535,0.7481
patient,age,[0-10),154,0.2153
patient,gender,Female,38025,53.1684
patient,gender,Male,33490,46.8274
patient,gender,Unknown/Invalid,3,0.0042
patient,race,Caucasian,53491,74.7938
patient,race,AfricanAmerican,12887,18.0192
patient,race,?,1948,2.7238
patient,race,Hispanic,1517,2.1211
patient,race,Other,1178,1.6471
patient,race,Asian,497,0.6949
