dimension,group,encounters,weight_missing_pct,payer_missing_pct,specialty_missing_pct,a1c_missing_pct,max_glucose_missing_pct,diag1_missing_pct,diag2_missing_pct,diag3_missing_pct
race,?,2273,93.9287,23.9331,52.0458,81.4342,97.5363,0.088,0.9679,3.2556
race,AfricanAmerican,19210,99.4118,48.1676,43.0401,81.7283,97.6158,0.0469,0.3071,1.6346
race,Asian,641,98.5959,41.3417,29.7972,78.9392,95.9438,0.156,0.468,2.4961
race,Caucasian,76099,96.18,37.492,50.9415,84.0274,94.0209,0.0092,0.3417,1.2457
race,Hispanic,2037,100.0,48.7482,42.9062,75.8959,90.8689,0.0982,0.5891,2.4055
race,Other,1506,98.008,44.4887,44.2895,79.7477,95.3519,0.0,0.1328,1.4608
gender,Female,54708,96.9876,39.38,48.7771,83.9566,94.701,0.0091,0.329,1.3508
gender,Male,47055,96.7081,39.7641,49.4358,82.4865,94.7997,0.034,0.3783,1.4536
gender,Unknown/Invalid,3,100.0,33.3333,66.6667,100.0,100.0,0.0,0.0,0.0
age,[0-10),161,96.8944,91.3043,17.3913,42.236,100.0,0.0,28.5714,59.6273
age,[10-20),691,97.3951,67.0043,32.9957,49.3488,97.8292,0.0,13.0246,31.9826
age,[20-30),1657,95.8358,36.9342,44.7797,72.9632,95.8962,0.0604,1.9312,8.5094
age,[30-40),3775,97.7483,44.3444,45.7748,76.3179,95.3642,0.0,0.4503,4.1589
age,[40-50),9685,97.6149,42.8394,46.1332,77.3258,94.8787,0.0207,0.3614,2.0857
age,[50-60),17256,97.1025,42.3505,47.7167,80.3836,95.8333,0.0116,0.1333,1.188
age,[60-70),22483,96.7976,39.5499,49.464,84.237,95.739,0.0311,0.1735,0.7428
age,[70-80),26068,96.4017,40.3752,49.7545,86.3971,94.0233,0.0153,0.1343,0.5601
age,[80-90),17197,96.8657,33.0988,52.3056,86.9628,93.3186,0.0291,0.2152,0.471
age,[90-100),2793,96.7061,28.4282,51.3784,88.5428,92.5528,0.0,0.1432,0.2506
