source_position,feature,source_dtype,missing_count,missing_pct,unique_values,governance_disposition,feature_role,prediction_time_status,leakage_risk,rationale,permitted_use
1,encounter_id,int64,0,0.0,100114,IDENTIFIER/GOVERNANCE-ONLY,Encounter identifier,AVAILABLE BUT PROHIBITED AS MODEL INPUT,IDENTIFIER_LEAKAGE,Required for encounter traceability and audit; prohibited as a predictive feature.,"Governance, integrity checking, audit, and traceability only."
2,patient_nbr,int64,0,0.0,70439,IDENTIFIER/GOVERNANCE-ONLY,Patient identifier,AVAILABLE BUT PROHIBITED AS MODEL INPUT,IDENTIFIER_LEAKAGE,"Required for patient-level splitting, traceability, and audit; prohibited as a predictive feature.","Patient-level splitting, governance, audit, and traceability only."
3,race,str,0,0.0,6,APPROVED,Prediction-time candidate,AVAILABLE AT OR BEFORE PREDICTION,LOW,"Represents demographic, admission-context, or prior utilization information considered available before the discharge-planning prediction point.",Eligible for governed preprocessing and feature engineering.
4,gender,str,0,0.0,3,APPROVED,Prediction-time candidate,AVAILABLE AT OR BEFORE PREDICTION,LOW,"Represents demographic, admission-context, or prior utilization information considered available before the discharge-planning prediction point.",Eligible for governed preprocessing and feature engineering.
5,age,str,0,0.0,10,APPROVED,Prediction-time candidate,AVAILABLE AT OR BEFORE PREDICTION,LOW,"Represents demographic, admission-context, or prior utilization information considered available before the discharge-planning prediction point.",Eligible for governed preprocessing and feature engineering.
6,weight,str,0,0.0,10,CONDITIONAL,Conditionally eligible clinical/source feature,TIMING NOT FULLY ESTABLISHED,SEMANTIC_AMBIGUITY,"Potentially available before discharge, but the retrospective dataset does not establish sufficient timestamp granularity to prove availability of the final recorded value at the intended prediction time.","Requires governed transformation, reconstruction, or explicit prediction-time justification before model entry."
7,admission_type_id,int64,0,0.0,8,APPROVED,Prediction-time candidate,AVAILABLE AT OR BEFORE PREDICTION,LOW,"Represents demographic, admission-context, or prior utilization information considered available before the discharge-planning prediction point.",Eligible for governed preprocessing and feature engineering.
8,discharge_disposition_id,int64,0,0.0,23,BLOCKED,Retrospective/end-of-encounter field,NOT PROVEN SAFE AT PREDICTION TIME,POST_PREDICTION_OR_AGGREGATION_LEAKAGE,Final recorded value may depend on information accumulated through the hospitalization or finalized at discharge; timestamp-safe availability is not established.,Excluded from the primary model unless a future timestamp-safe version is explicitly reconstructed and separately governed.
9,admission_source_id,int64,0,0.0,17,APPROVED,Prediction-time candidate,AVAILABLE AT OR BEFORE PREDICTION,LOW,"Represents demographic, admission-context, or prior utilization information considered available before the discharge-planning prediction point.",Eligible for governed preprocessing and feature engineering.
10,time_in_hospital,int64,0,0.0,14,BLOCKED,Retrospective/end-of-encounter field,NOT PROVEN SAFE AT PREDICTION TIME,POST_PREDICTION_OR_AGGREGATION_LEAKAGE,Final recorded value may depend on information accumulated through the hospitalization or finalized at discharge; timestamp-safe availability is not established.,Excluded from the primary model unless a future timestamp-safe version is explicitly reconstructed and separately governed.
11,payer_code,str,0,0.0,18,CONDITIONAL,Conditionally eligible clinical/source feature,TIMING NOT FULLY ESTABLISHED,SEMANTIC_AMBIGUITY,"Potentially available before discharge, but the retrospective dataset does not establish sufficient timestamp granularity to prove availability of the final recorded value at the intended prediction time.","Requires governed transformation, reconstruction, or explicit prediction-time justification before model entry."
12,medical_specialty,str,0,0.0,73,CONDITIONAL,Conditionally eligible clinical/source feature,TIMING NOT FULLY ESTABLISHED,SEMANTIC_AMBIGUITY,"Potentially available before discharge, but the retrospective dataset does not establish sufficient timestamp granularity to prove availability of the final recorded value at the intended prediction time.","Requires governed transformation, reconstruction, or explicit prediction-time justification before model entry."
13,num_lab_procedures,int64,0,0.0,118,BLOCKED,Retrospective/end-of-encounter field,NOT PROVEN SAFE AT PREDICTION TIME,POST_PREDICTION_OR_AGGREGATION_LEAKAGE,Final recorded value may depend on information accumulated through the hospitalization or finalized at discharge; timestamp-safe availability is not established.,Excluded from the primary model unless a future timestamp-safe version is explicitly reconstructed and separately governed.
14,num_procedures,int64,0,0.0,7,BLOCKED,Retrospective/end-of-encounter field,NOT PROVEN SAFE AT PREDICTION TIME,POST_PREDICTION_OR_AGGREGATION_LEAKAGE,Final recorded value may depend on information accumulated through the hospitalization or finalized at discharge; timestamp-safe availability is not established.,Excluded from the primary model unless a future timestamp-safe version is explicitly reconstructed and separately governed.
15,num_medications,int64,0,0.0,75,BLOCKED,Retrospective/end-of-encounter field,NOT PROVEN SAFE AT PREDICTION TIME,POST_PREDICTION_OR_AGGREGATION_LEAKAGE,Final recorded value may depend on information accumulated through the hospitalization or finalized at discharge; timestamp-safe availability is not established.,Excluded from the primary model unless a future timestamp-safe version is explicitly reconstructed and separately governed.
16,number_outpatient,int64,0,0.0,39,APPROVED,Prediction-time candidate,AVAILABLE AT OR BEFORE PREDICTION,LOW,"Represents demographic, admission-context, or prior utilization information considered available before the discharge-planning prediction point.",Eligible for governed preprocessing and feature engineering.
17,number_emergency,int64,0,0.0,33,APPROVED,Prediction-time candidate,AVAILABLE AT OR BEFORE PREDICTION,LOW,"Represents demographic, admission-context, or prior utilization information considered available before the discharge-planning prediction point.",Eligible for governed preprocessing and feature engineering.
18,number_inpatient,int64,0,0.0,21,APPROVED,Prediction-time candidate,AVAILABLE AT OR BEFORE PREDICTION,LOW,"Represents demographic, admission-context, or prior utilization information considered available before the discharge-planning prediction point.",Eligible for governed preprocessing and feature engineering.
19,diag_1,str,0,0.0,716,CONDITIONAL,Conditionally eligible clinical/source feature,TIMING NOT FULLY ESTABLISHED,SEMANTIC_AMBIGUITY,"Potentially available before discharge, but the retrospective dataset does not establish sufficient timestamp granularity to prove availability of the final recorded value at the intended prediction time.","Requires governed transformation, reconstruction, or explicit prediction-time justification before model entry."
20,diag_2,str,0,0.0,748,CONDITIONAL,Conditionally eligible clinical/source feature,TIMING NOT FULLY ESTABLISHED,SEMANTIC_AMBIGUITY,"Potentially available before discharge, but the retrospective dataset does not establish sufficient timestamp granularity to prove availability of the final recorded value at the intended prediction time.","Requires governed transformation, reconstruction, or explicit prediction-time justification before model entry."
21,diag_3,str,0,0.0,788,CONDITIONAL,Conditionally eligible clinical/source feature,TIMING NOT FULLY ESTABLISHED,SEMANTIC_AMBIGUITY,"Potentially available before discharge, but the retrospective dataset does not establish sufficient timestamp granularity to prove availability of the final recorded value at the intended prediction time.","Requires governed transformation, reconstruction, or explicit prediction-time justification before model entry."
22,number_diagnoses,int64,0,0.0,16,BLOCKED,Retrospective/end-of-encounter field,NOT PROVEN SAFE AT PREDICTION TIME,POST_PREDICTION_OR_AGGREGATION_LEAKAGE,Final recorded value may depend on information accumulated through the hospitalization or finalized at discharge; timestamp-safe availability is not established.,Excluded from the primary model unless a future timestamp-safe version is explicitly reconstructed and separately governed.
23,max_glu_serum,str,94890,94.7819,3,CONDITIONAL,Conditionally eligible clinical/source feature,TIMING NOT FULLY ESTABLISHED,SEMANTIC_AMBIGUITY,"Potentially available before discharge, but the retrospective dataset does not establish sufficient timestamp granularity to prove availability of the final recorded value at the intended prediction time.","Requires governed transformation, reconstruction, or explicit prediction-time justification before model entry."
24,A1Cresult,str,83238,83.1432,3,CONDITIONAL,Conditionally eligible clinical/source feature,TIMING NOT FULLY ESTABLISHED,SEMANTIC_AMBIGUITY,"Potentially available before discharge, but the retrospective dataset does not establish sufficient timestamp granularity to prove availability of the final recorded value at the intended prediction time.","Requires governed transformation, reconstruction, or explicit prediction-time justification before model entry."
25,metformin,str,0,0.0,4,CONDITIONAL,Conditionally eligible clinical/source feature,TIMING NOT FULLY ESTABLISHED,SEMANTIC_AMBIGUITY,"Potentially available before discharge, but the retrospective dataset does not establish sufficient timestamp granularity to prove availability of the final recorded value at the intended prediction time.","Requires governed transformation, reconstruction, or explicit prediction-time justification before model entry."
26,repaglinide,str,0,0.0,4,CONDITIONAL,Conditionally eligible clinical/source feature,TIMING NOT FULLY ESTABLISHED,SEMANTIC_AMBIGUITY,"Potentially available before discharge, but the retrospective dataset does not establish sufficient timestamp granularity to prove availability of the final recorded value at the intended prediction time.","Requires governed transformation, reconstruction, or explicit prediction-time justification before model entry."
27,nateglinide,str,0,0.0,4,CONDITIONAL,Conditionally eligible clinical/source feature,TIMING NOT FULLY ESTABLISHED,SEMANTIC_AMBIGUITY,"Potentially available before discharge, but the retrospective dataset does not establish sufficient timestamp granularity to prove availability of the final recorded value at the intended prediction time.","Requires governed transformation, reconstruction, or explicit prediction-time justification before model entry."
28,chlorpropamide,str,0,0.0,4,CONDITIONAL,Conditionally eligible clinical/source feature,TIMING NOT FULLY ESTABLISHED,SEMANTIC_AMBIGUITY,"Potentially available before discharge, but the retrospective dataset does not establish sufficient timestamp granularity to prove availability of the final recorded value at the intended prediction time.","Requires governed transformation, reconstruction, or explicit prediction-time justification before model entry."
29,glimepiride,str,0,0.0,4,CONDITIONAL,Conditionally eligible clinical/source feature,TIMING NOT FULLY ESTABLISHED,SEMANTIC_AMBIGUITY,"Potentially available before discharge, but the retrospective dataset does not establish sufficient timestamp granularity to prove availability of the final recorded value at the intended prediction time.","Requires governed transformation, reconstruction, or explicit prediction-time justification before model entry."
30,acetohexamide,str,0,0.0,2,CONDITIONAL,Conditionally eligible clinical/source feature,TIMING NOT FULLY ESTABLISHED,SEMANTIC_AMBIGUITY,"Potentially available before discharge, but the retrospective dataset does not establish sufficient timestamp granularity to prove availability of the final recorded value at the intended prediction time.","Requires governed transformation, reconstruction, or explicit prediction-time justification before model entry."
31,glipizide,str,0,0.0,4,CONDITIONAL,Conditionally eligible clinical/source feature,TIMING NOT FULLY ESTABLISHED,SEMANTIC_AMBIGUITY,"Potentially available before discharge, but the retrospective dataset does not establish sufficient timestamp granularity to prove availability of the final recorded value at the intended prediction time.","Requires governed transformation, reconstruction, or explicit prediction-time justification before model entry."
32,glyburide,str,0,0.0,4,CONDITIONAL,Conditionally eligible clinical/source feature,TIMING NOT FULLY ESTABLISHED,SEMANTIC_AMBIGUITY,"Potentially available before discharge, but the retrospective dataset does not establish sufficient timestamp granularity to prove availability of the final recorded value at the intended prediction time.","Requires governed transformation, reconstruction, or explicit prediction-time justification before model entry."
33,tolbutamide,str,0,0.0,2,CONDITIONAL,Conditionally eligible clinical/source feature,TIMING NOT FULLY ESTABLISHED,SEMANTIC_AMBIGUITY,"Potentially available before discharge, but the retrospective dataset does not establish sufficient timestamp granularity to prove availability of the final recorded value at the intended prediction time.","Requires governed transformation, reconstruction, or explicit prediction-time justification before model entry."
34,pioglitazone,str,0,0.0,4,CONDITIONAL,Conditionally eligible clinical/source feature,TIMING NOT FULLY ESTABLISHED,SEMANTIC_AMBIGUITY,"Potentially available before discharge, but the retrospective dataset does not establish sufficient timestamp granularity to prove availability of the final recorded value at the intended prediction time.","Requires governed transformation, reconstruction, or explicit prediction-time justification before model entry."
35,rosiglitazone,str,0,0.0,4,CONDITIONAL,Conditionally eligible clinical/source feature,TIMING NOT FULLY ESTABLISHED,SEMANTIC_AMBIGUITY,"Potentially available before discharge, but the retrospective dataset does not establish sufficient timestamp granularity to prove availability of the final recorded value at the intended prediction time.","Requires governed transformation, reconstruction, or explicit prediction-time justification before model entry."
36,acarbose,str,0,0.0,4,CONDITIONAL,Conditionally eligible clinical/source feature,TIMING NOT FULLY ESTABLISHED,SEMANTIC_AMBIGUITY,"Potentially available before discharge, but the retrospective dataset does not establish sufficient timestamp granularity to prove availability of the final recorded value at the intended prediction time.","Requires governed transformation, reconstruction, or explicit prediction-time justification before model entry."
37,miglitol,str,0,0.0,4,CONDITIONAL,Conditionally eligible clinical/source feature,TIMING NOT FULLY ESTABLISHED,SEMANTIC_AMBIGUITY,"Potentially available before discharge, but the retrospective dataset does not establish sufficient timestamp granularity to prove availability of the final recorded value at the intended prediction time.","Requires governed transformation, reconstruction, or explicit prediction-time justification before model entry."
38,troglitazone,str,0,0.0,2,CONDITIONAL,Conditionally eligible clinical/source feature,TIMING NOT FULLY ESTABLISHED,SEMANTIC_AMBIGUITY,"Potentially available before discharge, but the retrospective dataset does not establish sufficient timestamp granularity to prove availability of the final recorded value at the intended prediction time.","Requires governed transformation, reconstruction, or explicit prediction-time justification before model entry."
39,tolazamide,str,0,0.0,3,CONDITIONAL,Conditionally eligible clinical/source feature,TIMING NOT FULLY ESTABLISHED,SEMANTIC_AMBIGUITY,"Potentially available before discharge, but the retrospective dataset does not establish sufficient timestamp granularity to prove availability of the final recorded value at the intended prediction time.","Requires governed transformation, reconstruction, or explicit prediction-time justification before model entry."
40,examide,str,0,0.0,1,CONDITIONAL,Conditionally eligible clinical/source feature,TIMING NOT FULLY ESTABLISHED,SEMANTIC_AMBIGUITY,"Potentially available before discharge, but the retrospective dataset does not establish sufficient timestamp granularity to prove availability of the final recorded value at the intended prediction time.","Requires governed transformation, reconstruction, or explicit prediction-time justification before model entry."
41,citoglipton,str,0,0.0,1,CONDITIONAL,Conditionally eligible clinical/source feature,TIMING NOT FULLY ESTABLISHED,SEMANTIC_AMBIGUITY,"Potentially available before discharge, but the retrospective dataset does not establish sufficient timestamp granularity to prove availability of the final recorded value at the intended prediction time.","Requires governed transformation, reconstruction, or explicit prediction-time justification before model entry."
42,insulin,str,0,0.0,4,CONDITIONAL,Conditionally eligible clinical/source feature,TIMING NOT FULLY ESTABLISHED,SEMANTIC_AMBIGUITY,"Potentially available before discharge, but the retrospective dataset does not establish sufficient timestamp granularity to prove availability of the final recorded value at the intended prediction time.","Requires governed transformation, reconstruction, or explicit prediction-time justification before model entry."
43,glyburide-metformin,str,0,0.0,4,CONDITIONAL,Conditionally eligible clinical/source feature,TIMING NOT FULLY ESTABLISHED,SEMANTIC_AMBIGUITY,"Potentially available before discharge, but the retrospective dataset does not establish sufficient timestamp granularity to prove availability of the final recorded value at the intended prediction time.","Requires governed transformation, reconstruction, or explicit prediction-time justification before model entry."
44,glipizide-metformin,str,0,0.0,2,CONDITIONAL,Conditionally eligible clinical/source feature,TIMING NOT FULLY ESTABLISHED,SEMANTIC_AMBIGUITY,"Potentially available before discharge, but the retrospective dataset does not establish sufficient timestamp granularity to prove availability of the final recorded value at the intended prediction time.","Requires governed transformation, reconstruction, or explicit prediction-time justification before model entry."
45,glimepiride-pioglitazone,str,0,0.0,2,CONDITIONAL,Conditionally eligible clinical/source feature,TIMING NOT FULLY ESTABLISHED,SEMANTIC_AMBIGUITY,"Potentially available before discharge, but the retrospective dataset does not establish sufficient timestamp granularity to prove availability of the final recorded value at the intended prediction time.","Requires governed transformation, reconstruction, or explicit prediction-time justification before model entry."
46,metformin-rosiglitazone,str,0,0.0,2,CONDITIONAL,Conditionally eligible clinical/source feature,TIMING NOT FULLY ESTABLISHED,SEMANTIC_AMBIGUITY,"Potentially available before discharge, but the retrospective dataset does not establish sufficient timestamp granularity to prove availability of the final recorded value at the intended prediction time.","Requires governed transformation, reconstruction, or explicit prediction-time justification before model entry."
47,metformin-pioglitazone,str,0,0.0,2,CONDITIONAL,Conditionally eligible clinical/source feature,TIMING NOT FULLY ESTABLISHED,SEMANTIC_AMBIGUITY,"Potentially available before discharge, but the retrospective dataset does not establish sufficient timestamp granularity to prove availability of the final recorded value at the intended prediction time.","Requires governed transformation, reconstruction, or explicit prediction-time justification before model entry."
48,change,str,0,0.0,2,CONDITIONAL,Conditionally eligible clinical/source feature,TIMING NOT FULLY ESTABLISHED,SEMANTIC_AMBIGUITY,"Potentially available before discharge, but the retrospective dataset does not establish sufficient timestamp granularity to prove availability of the final recorded value at the intended prediction time.","Requires governed transformation, reconstruction, or explicit prediction-time justification before model entry."
49,diabetesMed,str,0,0.0,2,CONDITIONAL,Conditionally eligible clinical/source feature,TIMING NOT FULLY ESTABLISHED,SEMANTIC_AMBIGUITY,"Potentially available before discharge, but the retrospective dataset does not establish sufficient timestamp granularity to prove availability of the final recorded value at the intended prediction time.","Requires governed transformation, reconstruction, or explicit prediction-time justification before model entry."
50,readmitted,str,0,0.0,3,TARGET/OUTCOME,Source outcome,POST-OUTCOME,TARGET_LEAKAGE,Source readmission outcome directly reveals the prediction target.,Outcome engineering and audit only.
51,readmitted_30d,int8,0,0.0,2,TARGET/OUTCOME,Engineered outcome,POST-OUTCOME,TARGET_LEAKAGE,Formal binary prediction target; never eligible as a model input.,Supervised learning label and evaluation only.
