feature_name,feature_class,d6_disposition,source_governance,approved_source_columns,conditional_source_columns,candidate_lineage_violation
race,DEMOGRAPHIC,CANDIDATE,D4_APPROVED,race,,False
gender,DEMOGRAPHIC,CANDIDATE,D4_APPROVED,gender,,False
age,DEMOGRAPHIC,CANDIDATE,D4_APPROVED,age,,False
admission_type_id,ADMISSION_CONTEXT,CANDIDATE,D4_APPROVED,admission_type_id,,False
admission_source_id,ADMISSION_CONTEXT,CANDIDATE,D4_APPROVED,admission_source_id,,False
prior_outpatient_use,PRIOR_UTILIZATION,CANDIDATE,D4_APPROVED,number_outpatient,,False
prior_emergency_use,PRIOR_UTILIZATION,CANDIDATE,D4_APPROVED,number_emergency,,False
prior_inpatient_use,PRIOR_UTILIZATION,CANDIDATE,D4_APPROVED,number_inpatient,,False
prior_utilization_intensity,PRIOR_UTILIZATION,CANDIDATE,D4_APPROVED,number_emergency|number_inpatient|number_outpatient,,False
prior_utilization_domain_count,PRIOR_UTILIZATION,CANDIDATE,D4_APPROVED,number_emergency|number_inpatient|number_outpatient,,False
diag_1_domain,DIAGNOSIS,CONDITIONAL,D4_CONDITIONAL,,diag_1,False
diag_2_domain,DIAGNOSIS,CONDITIONAL,D4_CONDITIONAL,,diag_2,False
diag_3_domain,DIAGNOSIS,CONDITIONAL,D4_CONDITIONAL,,diag_3,False
any_diabetes_diagnosis,DIAGNOSIS,CONDITIONAL,D4_CONDITIONAL,,diag_1|diag_2|diag_3,False
any_circulatory_diagnosis,DIAGNOSIS,CONDITIONAL,D4_CONDITIONAL,,diag_1|diag_2|diag_3,False
any_respiratory_diagnosis,DIAGNOSIS,CONDITIONAL,D4_CONDITIONAL,,diag_1|diag_2|diag_3,False
any_genitourinary_diagnosis,DIAGNOSIS,CONDITIONAL,D4_CONDITIONAL,,diag_1|diag_2|diag_3,False
any_injury_poisoning_diagnosis,DIAGNOSIS,CONDITIONAL,D4_CONDITIONAL,,diag_1|diag_2|diag_3,False
distinct_diagnosis_domain_count,DIAGNOSIS,CONDITIONAL,D4_CONDITIONAL,,diag_1|diag_2|diag_3,False
a1c_result_category,GLYCEMIC,CONDITIONAL,D4_CONDITIONAL,,A1Cresult,False
max_glucose_result_category,GLYCEMIC,CONDITIONAL,D4_CONDITIONAL,,max_glu_serum,False
a1c_tested,GLYCEMIC,CONDITIONAL,D4_CONDITIONAL,,A1Cresult,False
max_glucose_tested,GLYCEMIC,CONDITIONAL,D4_CONDITIONAL,,max_glu_serum,False
any_glycemic_test_recorded,GLYCEMIC,CONDITIONAL,D4_CONDITIONAL,,A1Cresult|max_glu_serum,False
a1c_abnormal,GLYCEMIC,CONDITIONAL,D4_CONDITIONAL,,A1Cresult,False
a1c_markedly_elevated,GLYCEMIC,CONDITIONAL,D4_CONDITIONAL,,A1Cresult,False
max_glucose_abnormal,GLYCEMIC,CONDITIONAL,D4_CONDITIONAL,,max_glu_serum,False
max_glucose_markedly_elevated,GLYCEMIC,CONDITIONAL,D4_CONDITIONAL,,max_glu_serum,False
any_glycemic_abnormality,GLYCEMIC,CONDITIONAL,D4_CONDITIONAL,,A1Cresult|max_glu_serum,False
any_marked_glycemic_abnormality,GLYCEMIC,CONDITIONAL,D4_CONDITIONAL,,A1Cresult|max_glu_serum,False
glycemic_abnormality_count,GLYCEMIC,CONDITIONAL,D4_CONDITIONAL,,A1Cresult|max_glu_serum,False
diabetes_medication_intensity,MEDICATION,CONDITIONAL,D4_CONDITIONAL,,acarbose|acetohexamide|chlorpropamide|citoglipton|examide|glimepiride|glimepiride-pioglitazone|glipizide|glipizide-metformin|glyburide|glyburide-metformin|insulin|metformin|metformin-pioglitazone|metformin-rosiglitazone|miglitol|nateglinide|pioglitazone|repaglinide|rosiglitazone|tolazamide|tolbutamide|troglitazone,False
any_diabetes_medication_exposure,MEDICATION,CONDITIONAL,D4_CONDITIONAL,,acarbose|acetohexamide|chlorpropamide|citoglipton|examide|glimepiride|glimepiride-pioglitazone|glipizide|glipizide-metformin|glyburide|glyburide-metformin|insulin|metformin|metformin-pioglitazone|metformin-rosiglitazone|miglitol|nateglinide|pioglitazone|repaglinide|rosiglitazone|tolazamide|tolbutamide|troglitazone,False
insulin_exposure,MEDICATION,CONDITIONAL,D4_CONDITIONAL,,insulin,False
metformin_exposure,MEDICATION,CONDITIONAL,D4_CONDITIONAL,,metformin,False
any_directional_medication_change,MEDICATION,CONDITIONAL,D4_CONDITIONAL,,acarbose|acetohexamide|chlorpropamide|citoglipton|examide|glimepiride|glimepiride-pioglitazone|glipizide|glipizide-metformin|glyburide|glyburide-metformin|insulin|metformin|metformin-pioglitazone|metformin-rosiglitazone|miglitol|nateglinide|pioglitazone|repaglinide|rosiglitazone|tolazamide|tolbutamide|troglitazone,False
directional_medication_change_count,MEDICATION,CONDITIONAL,D4_CONDITIONAL,,acarbose|acetohexamide|chlorpropamide|citoglipton|examide|glimepiride|glimepiride-pioglitazone|glipizide|glipizide-metformin|glyburide|glyburide-metformin|insulin|metformin|metformin-pioglitazone|metformin-rosiglitazone|miglitol|nateglinide|pioglitazone|repaglinide|rosiglitazone|tolazamide|tolbutamide|troglitazone,False
diabetes_medication_prescribed,MEDICATION,CONDITIONAL,D4_CONDITIONAL,,diabetesMed,False
diabetes_medication_changed,MEDICATION,CONDITIONAL,D4_CONDITIONAL,,change,False
diabetes_treatment_structure,TREATMENT_STRUCTURE,CONDITIONAL,D4_CONDITIONAL,,acarbose|acetohexamide|chlorpropamide|citoglipton|examide|glimepiride|glimepiride-pioglitazone|glipizide|glipizide-metformin|glyburide|glyburide-metformin|insulin|metformin|metformin-pioglitazone|metformin-rosiglitazone|miglitol|nateglinide|pioglitazone|repaglinide|rosiglitazone|tolazamide|tolbutamide|troglitazone,False
