control,value
raw_primary_feature_count,10
transformed_feature_count,49
train_encounters,70024
validation_encounters,15052
patient_overlap_count,0
encounter_overlap_count,0
train_missing_after_transform,0
validation_missing_after_transform,0
train_nonfinite_after_transform,0
validation_nonfinite_after_transform,0
train_reproduction_exact,True
validation_reproduction_exact,True
preprocessor_checksum_verified,True
schema_checksum_verified,True
fit_partition,train
validation_contributed_to_fit,False
locked_test_accessed,False
overall_validation_status,PASS
