bin_number,encounter_count,observed_readmission_rate,mean_predicted_probability,minimum_predicted_probability,maximum_predicted_probability,absolute_calibration_error
1,1510,0.060927152317880796,0.06433069528456753,0.02802971936762333,0.06968660652637482,0.003403542966686733
2,1518,0.07246376811594203,0.07310296046364763,0.06972146779298782,0.07796190679073334,0.0006391923477055972
3,1568,0.08737244897959184,0.08275065264588564,0.07800865173339844,0.08604536950588226,0.004621796333706199
4,1544,0.09455958549222798,0.08825493660403194,0.08605952560901642,0.09097062796354294,0.0063046488881960405
5,1627,0.09219422249539029,0.09542840649617107,0.09106075018644333,0.0986967384815216,0.0032341840007807793
6,1360,0.09485294117647058,0.10086913987008088,0.0987078994512558,0.10254794359207153,0.006016198693610295
7,1409,0.11923349893541518,0.1139987496893147,0.10258959978818893,0.12381932884454727,0.005234749246100484
8,1507,0.12143331121433311,0.13191905075359123,0.12400317192077637,0.14515982568264008,0.010485739539258118
9,1503,0.15036593479707253,0.16576811484868575,0.14516696333885193,0.1782538890838623,0.015402180051613229
10,1506,0.23306772908366533,0.22349461173987484,0.17833925783634186,0.5256381630897522,0.009573117343790488
