threshold,model_net_benefit,treat_all_net_benefit,treat_none_net_benefit,incremental_net_benefit_vs_best_default,model_better_than_treat_all,model_better_than_treat_none,model_better_than_both_defaults,probability_calibration_established,analysis_classification,locked_test_accessed,deployment_authorized
0.01,0.10344475850720868,0.10344475850720868,0.0,0.0,False,True,False,False,EXPLORATORY_DEVELOPMENT_EVIDENCE,False,False
0.02,0.09429623563483325,0.09429623563483325,0.0,0.0,False,True,False,False,EXPLORATORY_DEVELOPMENT_EVIDENCE,False,False
0.03,0.08492141332726957,0.08495908342488308,0.0,-3.767009761350415e-05,False,True,False,False,EXPLORATORY_DEVELOPMENT_EVIDENCE,False,False
0.04,0.07542187084772786,0.07542740721055893,0.0,-5.536362831071173e-06,False,True,False,False,EXPLORATORY_DEVELOPMENT_EVIDENCE,False,False
0.05,0.06570905072940122,0.06569506412856482,0.0,1.3986600836402019e-05,True,True,True,False,EXPLORATORY_DEVELOPMENT_EVIDENCE,False,False
0.06,0.05580936441612339,0.05575564991716659,0.0,5.37144989568028e-05,True,True,True,False,EXPLORATORY_DEVELOPMENT_EVIDENCE,False,False
0.07,0.04650044719524286,0.04560248486251245,0.0,0.0008979623327304079,True,True,True,False,EXPLORATORY_DEVELOPMENT_EVIDENCE,False,False
0.08,0.03817490670025073,0.03522859882840934,0.0,0.002946307871841386,True,True,True,False,EXPLORATORY_DEVELOPMENT_EVIDENCE,False,False
0.09,0.030315419366708243,0.024626715299051208,0.0,0.0056887040676570355,True,True,True,False,EXPLORATORY_DEVELOPMENT_EVIDENCE,False,False
0.1,0.02540821448607789,0.013789234357929545,0.0,0.011618980128148347,True,True,True,False,EXPLORATORY_DEVELOPMENT_EVIDENCE,False,False
0.11,0.02087669114112277,0.002708214519254598,0.0,0.01816847662186817,True,True,True,False,EXPLORATORY_DEVELOPMENT_EVIDENCE,False,False
0.12,0.016603048824680507,-0.008624646679390224,0.0,0.016603048824680507,True,True,True,False,EXPLORATORY_DEVELOPMENT_EVIDENCE,False,False
0.13,0.013470543495193672,-0.020218033422831502,0.0,0.013470543495193672,True,True,True,False,EXPLORATORY_DEVELOPMENT_EVIDENCE,False,False
0.14,0.011780865094030618,-0.03208103381146908,0.0,0.011780865094030618,True,True,True,False,EXPLORATORY_DEVELOPMENT_EVIDENCE,False,False
0.15,0.009969361116756031,-0.04422316362101579,0.0,0.009969361116756031,True,True,True,False,EXPLORATORY_DEVELOPMENT_EVIDENCE,False,False
0.16,0.008279235159383974,-0.056654391759361225,0.0,0.008279235159383974,True,True,True,False,EXPLORATORY_DEVELOPMENT_EVIDENCE,False,False
0.17,0.007075871917113043,-0.06938516756369088,0.0,0.007075871917113043,True,True,True,False,EXPLORATORY_DEVELOPMENT_EVIDENCE,False,False
0.18,0.006460530324144592,-0.08242645009495535,0.0,0.006460530324144592,True,True,True,False,EXPLORATORY_DEVELOPMENT_EVIDENCE,False,False
0.19,0.006039966798227053,-0.09578973960230049,0.0,0.006039966798227053,True,True,True,False,EXPLORATORY_DEVELOPMENT_EVIDENCE,False,False
0.2,0.0055142173797502,-0.10948711134732926,0.0,0.0055142173797502,True,True,True,False,EXPLORATORY_DEVELOPMENT_EVIDENCE,False,False
0.21,0.004551310730396231,-0.12353125199729544,0.0,0.004551310730396231,True,True,True,False,EXPLORATORY_DEVELOPMENT_EVIDENCE,False,False
0.22,0.00352112676056338,-0.13793549881777356,0.0,0.00352112676056338,True,True,True,False,EXPLORATORY_DEVELOPMENT_EVIDENCE,False,False
0.23,0.0027221648933049413,-0.15271388191930313,0.0,0.0027221648933049413,True,True,True,False,EXPLORATORY_DEVELOPMENT_EVIDENCE,False,False
0.24,0.0023392589898876886,-0.1678811698392939,0.0,0.0023392589898876886,True,True,True,False,EXPLORATORY_DEVELOPMENT_EVIDENCE,False,False
0.25,0.0017273452032952434,-0.18345291877048453,0.0,0.0017273452032952434,True,True,True,False,EXPLORATORY_DEVELOPMENT_EVIDENCE,False,False
0.26,0.0014436440160596415,-0.19944552578089653,0.0,0.0014436440160596415,True,True,True,False,EXPLORATORY_DEVELOPMENT_EVIDENCE,False,False
0.27,0.0010065562670413795,-0.21587628640803208,0.0,0.0010065562670413795,True,True,True,False,EXPLORATORY_DEVELOPMENT_EVIDENCE,False,False
0.28,0.0008415271503233231,-0.2327634570525881,0.0,0.0008415271503233231,True,True,True,False,EXPLORATORY_DEVELOPMENT_EVIDENCE,False,False
0.29,0.00043978994883465006,-0.25012632264487805,0.0,0.00043978994883465006,True,True,True,False,EXPLORATORY_DEVELOPMENT_EVIDENCE,False,False
0.3,0.0004935272009414979,-0.26798527011123346,0.0,0.0004935272009414979,True,True,True,False,EXPLORATORY_DEVELOPMENT_EVIDENCE,False,False
0.31,0.0006508836997924103,-0.28636186822878756,0.0,0.0006508836997924103,True,True,True,False,EXPLORATORY_DEVELOPMENT_EVIDENCE,False,False
0.32,0.0006487314564411996,-0.30527895452626974,0.0,0.0006487314564411996,True,True,True,False,EXPLORATORY_DEVELOPMENT_EVIDENCE,False,False
0.33,0.00031631637190079344,-0.32476072996696037,0.0,0.00031631637190079344,True,True,True,False,EXPLORATORY_DEVELOPMENT_EVIDENCE,False,False
0.34,4.026445695326638e-06,-0.3448328622391871,0.0,4.026445695326638e-06,True,True,True,False,EXPLORATORY_DEVELOPMENT_EVIDENCE,False,False
0.35,3.5773421370019834e-05,-0.3655225985813283,0.0,3.5773421370019834e-05,True,True,True,False,EXPLORATORY_DEVELOPMENT_EVIDENCE,False,False
0.36,0.00019100451767207018,-0.38685888918416156,0.0,0.00019100451767207018,True,True,True,False,EXPLORATORY_DEVELOPMENT_EVIDENCE,False,False
0.37,-2.6363632528926214e-05,-0.40887252234581495,0.0,-2.6363632528926214e-05,True,False,False,False,EXPLORATORY_DEVELOPMENT_EVIDENCE,False,False
0.38,-0.00023788500938681393,-0.43159627270623124,0.0,-0.00023788500938681393,True,False,False,False,EXPLORATORY_DEVELOPMENT_EVIDENCE,False,False
0.39,-0.0002439630047529222,-0.45506506406207115,0.0,-0.0002439630047529222,True,False,False,False,EXPLORATORY_DEVELOPMENT_EVIDENCE,False,False
0.4,-0.00026574541589157596,-0.4793161484631058,0.0,-0.00026574541589157596,True,False,False,False,EXPLORATORY_DEVELOPMENT_EVIDENCE,False,False
0.41,-0.00024209857803681687,-0.5043893035218022,0.0,-0.00024209857803681687,True,False,False,False,EXPLORATORY_DEVELOPMENT_EVIDENCE,False,False
0.42,-0.00026345450713388983,-0.5303270501342472,0.0,-0.00026345450713388983,True,False,False,False,EXPLORATORY_DEVELOPMENT_EVIDENCE,False,False
0.43,-0.000285559767076474,-0.5571748931190585,0.0,-0.000285559767076474,True,False,False,False,EXPLORATORY_DEVELOPMENT_EVIDENCE,False,False
0.44,-0.0003084545005884363,-0.5849815876390417,0.0,-0.0003084545005884363,True,False,False,False,EXPLORATORY_DEVELOPMENT_EVIDENCE,False,False
0.45,-0.00027782475297755653,-0.6137994346870244,0.0,-0.00027782475297755653,True,False,False,False,EXPLORATORY_DEVELOPMENT_EVIDENCE,False,False
0.46,-0.00031003631854017186,-0.6436846094034507,0.0,-0.00031003631854017186,True,False,False,False,EXPLORATORY_DEVELOPMENT_EVIDENCE,False,False
0.47,-0.0003309282537517736,-0.6746975265620063,0.0,-0.0003309282537517736,True,False,False,False,EXPLORATORY_DEVELOPMENT_EVIDENCE,False,False
0.48,-0.00023508248328870174,-0.7069032482266603,0.0,-0.00023508248328870174,True,False,False,False,EXPLORATORY_DEVELOPMENT_EVIDENCE,False,False
0.49,2.6053472146232975e-06,-0.7403719393683595,0.0,2.6053472146232975e-06,True,True,True,False,EXPLORATORY_DEVELOPMENT_EVIDENCE,False,False
0.5,0.0,-0.7751793781557268,0.0,0.0,True,False,False,False,EXPLORATORY_DEVELOPMENT_EVIDENCE,False,False
