threshold,true_positive,false_positive,true_negative,false_negative,sensitivity,specificity,precision,negative_predictive_value,f1_score,false_negative_rate,false_positive_rate,predicted_positive_count,predicted_negative_count,predicted_positive_rate,alerts_per_100_patients,number_needed_to_evaluate,evaluation_partition,threshold_selected,locked_test_accessed,deployment_authorized
0.01,1692,13360,0,0,1.0,0.0,0.11241031092213659,,0.20210224558050643,0.0,1.0,15052,0,1.0,100.0,8.89598108747045,validation,False,False,False
0.02,1692,13360,0,0,1.0,0.0,0.11241031092213659,,0.20210224558050643,0.0,1.0,15052,0,1.0,100.0,8.89598108747045,validation,False,False,False
0.03,1691,13346,14,1,0.9994089834515366,0.0010479041916167664,0.11245594200970939,0.9333333333333333,0.2021639069878654,0.000591016548463357,0.9989520958083832,15037,15,0.9990034546904066,99.90034546904066,8.89237137788291,validation,False,False,False
0.04,1691,13338,22,1,0.9994089834515366,0.0016467065868263472,0.1125158027812895,0.9565217391304348,0.20226063034507505,0.000591016548463357,0.9983532934131737,15029,23,0.9984719638586235,99.84719638586235,8.887640449438202,validation,False,False,False
0.05,1691,13337,23,1,0.9994089834515366,0.0017215568862275449,0.11252328985893,0.9583333333333334,0.20227272727272727,0.000591016548463357,0.9982784431137725,15028,24,0.9984055275046505,99.84055275046505,8.887049083382614,validation,False,False,False
0.06,1684,13222,138,8,0.9952718676122931,0.01032934131736527,0.11297464108412719,0.9452054794520548,0.20291601397758763,0.004728132387706856,0.9896706586826347,14906,146,0.9903002923199575,99.03002923199575,8.851543942992874,validation,False,False,False
0.07,1596,11905,1455,96,0.9432624113475178,0.10890718562874252,0.11821346566920969,0.9381044487427466,0.21009675508457845,0.05673758865248227,0.8910928143712575,13501,1551,0.8969572149880415,89.69572149880415,8.459273182957393,validation,False,False,False
0.08,1476,10366,2994,216,0.8723404255319149,0.22410179640718564,0.1246411079209593,0.9327102803738317,0.21811733412147186,0.1276595744680851,0.7758982035928144,11842,3210,0.7867393037470104,78.67393037470104,8.023035230352303,validation,False,False,False
0.09,1258,8106,5254,434,0.7434988179669031,0.3932634730538922,0.13434429730884237,0.9236990154711674,0.2275687409551375,0.2565011820330969,0.6067365269461078,9364,5688,0.6221100186021791,62.211001860217905,7.443561208267091,validation,False,False,False
0.1,1020,5738,7622,672,0.6028368794326241,0.5705089820359281,0.15093222846996152,0.9189775741499879,0.24142011834319524,0.3971631205673759,0.42949101796407185,6758,8294,0.4489768801488174,44.897688014881744,6.625490196078432,validation,False,False,False
0.11,885,4618,8742,807,0.5230496453900709,0.6543413173652695,0.16082137016172995,0.9154885328306629,0.24600416956219595,0.4769503546099291,0.34565868263473054,5503,9549,0.3655992559128355,36.55992559128355,6.218079096045198,validation,False,False,False
0.12,785,3924,9436,907,0.4639479905437352,0.7062874251497006,0.16670205988532596,0.9123078410519192,0.24527417591001405,0.5360520094562647,0.2937125748502994,4709,10343,0.3128487908583577,31.28487908583577,5.998726114649681,validation,False,False,False
0.13,686,3234,10126,1006,0.40543735224586286,0.7579341317365269,0.175,0.9096298957959037,0.24447612259444046,0.5945626477541371,0.24206586826347307,3920,11132,0.26043050757374436,26.043050757374438,5.714285714285714,validation,False,False,False
0.14,590,2535,10825,1102,0.3486997635933806,0.8102544910179641,0.1888,0.907604594617255,0.2449657463151339,0.6513002364066194,0.18974550898203593,3125,11927,0.20761360616529365,20.761360616529366,5.296610169491525,validation,False,False,False
0.15,566,2357,11003,1126,0.33451536643026003,0.8235778443113773,0.19363667464933287,0.9071646467144859,0.24528710725893826,0.66548463356974,0.17642215568862277,2923,12129,0.19419346266276907,19.419346266276907,5.1643109540636045,validation,False,False,False
0.16,521,2081,11279,1171,0.30791962174940896,0.8442365269461077,0.2002305918524212,0.9059437751004016,0.24266418258034467,0.692080378250591,0.1557634730538922,2602,12450,0.1728673930374701,17.28673930374701,4.994241842610364,validation,False,False,False
0.17,442,1638,11722,1250,0.26122931442080377,0.8773952095808383,0.2125,0.9036386062288005,0.2343584305408271,0.7387706855791962,0.12260479041916168,2080,12972,0.13818761626361944,13.818761626361944,4.705882352941177,validation,False,False,False
0.18,342,1115,12245,1350,0.20212765957446807,0.9165419161676647,0.23472889498970487,0.9006987863184994,0.21721181327405525,0.7978723404255319,0.08345808383233533,1457,13595,0.09679776773850651,9.679776773850651,4.260233918128655,validation,False,False,False
0.19,291,853,12507,1401,0.17198581560283688,0.9361526946107784,0.2543706293706294,0.8992666091458154,0.20521861777150915,0.8280141843971631,0.06384730538922155,1144,13908,0.0760031889449907,7.60031889449907,3.93127147766323,validation,False,False,False
0.2,239,624,12736,1453,0.14125295508274233,0.9532934131736527,0.2769409038238702,0.89759672986116,0.18708414872798437,0.8587470449172577,0.046706586826347304,863,14189,0.057334573478607494,5.73345734786075,3.6108786610878663,validation,False,False,False
0.21,207,521,12839,1485,0.12234042553191489,0.9610029940119761,0.28434065934065933,0.8963278413850879,0.17107438016528928,0.8776595744680851,0.03899700598802395,728,14324,0.04836566569226681,4.836566569226681,3.5169082125603865,validation,False,False,False
0.22,163,390,12970,1529,0.09633569739952719,0.9708083832335329,0.29475587703435807,0.8945444513414719,0.14521158129175948,0.9036643026004728,0.029191616766467067,553,14499,0.036739303747010364,3.6739303747010363,3.392638036809816,validation,False,False,False
0.23,127,288,13072,1565,0.07505910165484633,0.9784431137724551,0.3060240963855422,0.8930791828926693,0.12055054579971523,0.9249408983451537,0.02155688622754491,415,14637,0.027571086898750995,2.7571086898750994,3.267716535433071,validation,False,False,False
0.24,111,240,13120,1581,0.06560283687943262,0.9820359281437125,0.3162393162393162,0.8924562954901027,0.10866372980910426,0.9343971631205674,0.017964071856287425,351,14701,0.023319160244485784,2.3319160244485784,3.1621621621621623,validation,False,False,False
0.25,88,186,13174,1604,0.05200945626477541,0.9860778443113772,0.32116788321167883,0.8914602787928001,0.08952187182095625,0.9479905437352246,0.013922155688622755,274,14778,0.018203560988572946,1.8203560988572947,3.1136363636363638,validation,False,False,False
0.26,79,163,13197,1613,0.0466903073286052,0.9877994011976048,0.32644628099173556,0.8910871033085753,0.08169596690796278,0.9533096926713948,0.01220059880239521,242,14810,0.01607759766144034,1.607759766144034,3.0632911392405062,validation,False,False,False
0.27,71,151,13209,1621,0.04196217494089834,0.9886976047904191,0.31981981981981983,0.8906945380984491,0.0741901776384535,0.9580378250591016,0.011302395209580839,222,14830,0.014748870581982461,1.474887058198246,3.1267605633802815,validation,False,False,False
0.28,64,132,13228,1628,0.037825059101654845,0.9901197604790419,0.32653061224489793,0.8904146472805601,0.06779661016949153,0.9621749408983451,0.009880239520958085,196,14856,0.013021525378687218,1.3021525378687218,3.0625,validation,False,False,False
0.29,54,116,13244,1638,0.031914893617021274,0.9913173652694611,0.3176470588235294,0.889934148635936,0.05800214822771214,0.9680851063829787,0.008682634730538923,170,14882,0.011294180175391974,1.1294180175391975,3.1481481481481484,validation,False,False,False
0.3,46,90,13270,1646,0.027186761229314422,0.9932634730538922,0.3382352941176471,0.8896486993832127,0.050328227571115984,0.9728132387706856,0.006736526946107785,136,14916,0.00903534414031358,0.9035344140313579,2.9565217391304346,validation,False,False,False
0.31,39,65,13295,1653,0.02304964539007092,0.9951347305389222,0.375,0.8894166443671394,0.04342984409799554,0.9769503546099291,0.0048652694610778445,104,14948,0.006909380813180973,0.6909380813180973,2.6666666666666665,validation,False,False,False
0.32,30,43,13317,1662,0.01773049645390071,0.9967814371257485,0.410958904109589,0.8890446625275386,0.0339943342776204,0.9822695035460993,0.003218562874251497,73,14979,0.0048498538400212595,0.48498538400212593,2.433333333333333,validation,False,False,False
0.33,22,35,13325,1670,0.013002364066193853,0.9973802395209581,0.38596491228070173,0.8886295431810604,0.025157232704402514,0.9869976359338062,0.002619760479041916,57,14995,0.0037868721764549563,0.3786872176454956,2.590909090909091,validation,False,False,False
0.34,15,29,13331,1677,0.008865248226950355,0.9978293413173652,0.3409090909090909,0.8882595948827292,0.01728110599078341,0.9911347517730497,0.0021706586826347306,44,15008,0.0029231995748073346,0.29231995748073347,2.933333333333333,validation,False,False,False
0.35,14,25,13335,1678,0.008274231678486997,0.9981287425149701,0.358974358974359,0.8882302004929061,0.016175621028307337,0.991725768321513,0.0018712574850299401,39,15013,0.0025910178049428647,0.25910178049428645,2.7857142857142856,validation,False,False,False
0.36,13,18,13342,1679,0.0076832151300236405,0.9986526946107784,0.41935483870967744,0.8882231542507156,0.015089959373186303,0.9923167848699763,0.001347305389221557,31,15021,0.002059526973159713,0.2059526973159713,2.3846153846153846,validation,False,False,False
0.37,9,16,13344,1683,0.005319148936170213,0.9988023952095808,0.36,0.8880015971251747,0.010483401281304601,0.9946808510638298,0.0011976047904191617,25,15027,0.0016609088493223492,0.16609088493223492,2.7777777777777777,validation,False,False,False
0.38,5,14,13346,1687,0.002955082742316785,0.9989520958083832,0.2631578947368421,0.8877802168562496,0.005844535359438925,0.9970449172576832,0.0010479041916167664,19,15033,0.0012622907254849854,0.12622907254849852,3.8,validation,False,False,False
0.39,4,12,13348,1688,0.002364066193853428,0.9991017964071857,0.25,0.8877361000266029,0.00468384074941452,0.9976359338061466,0.0008982035928143712,16,15036,0.0010629816635663034,0.10629816635663034,4.0,validation,False,False,False
0.4,4,12,13348,1688,0.002364066193853428,0.9991017964071857,0.25,0.8877361000266029,0.00468384074941452,0.9976359338061466,0.0008982035928143712,16,15036,0.0010629816635663034,0.10629816635663034,4.0,validation,False,False,False
0.41,4,11,13349,1688,0.002364066193853428,0.9991766467065868,0.26666666666666666,0.8877435658708519,0.004686584651435266,0.9976359338061466,0.0008233532934131736,15,15037,0.0009965453095934094,0.09965453095934095,3.75,validation,False,False,False
0.42,4,11,13349,1688,0.002364066193853428,0.9991766467065868,0.26666666666666666,0.8877435658708519,0.004686584651435266,0.9976359338061466,0.0008233532934131736,15,15037,0.0009965453095934094,0.09965453095934095,3.75,validation,False,False,False
0.43,4,11,13349,1688,0.002364066193853428,0.9991766467065868,0.26666666666666666,0.8877435658708519,0.004686584651435266,0.9976359338061466,0.0008233532934131736,15,15037,0.0009965453095934094,0.09965453095934095,3.75,validation,False,False,False
0.44,4,11,13349,1688,0.002364066193853428,0.9991766467065868,0.26666666666666666,0.8877435658708519,0.004686584651435266,0.9976359338061466,0.0008233532934131736,15,15037,0.0009965453095934094,0.09965453095934095,3.75,validation,False,False,False
0.45,4,10,13350,1688,0.002364066193853428,0.999251497005988,0.2857142857142857,0.8877510307221705,0.004689331770222743,0.9976359338061466,0.0007485029940119761,14,15038,0.0009301089556205156,0.09301089556205155,3.5,validation,False,False,False
0.46,3,9,13351,1689,0.0017730496453900709,0.9993263473053893,0.25,0.8876994680851064,0.0035211267605633804,0.99822695035461,0.0006736526946107785,12,15040,0.0007972362476747276,0.07972362476747276,4.0,validation,False,False,False
0.47,3,9,13351,1689,0.0017730496453900709,0.9993263473053893,0.25,0.8876994680851064,0.0035211267605633804,0.99822695035461,0.0006736526946107785,12,15040,0.0007972362476747276,0.07972362476747276,4.0,validation,False,False,False
0.48,2,6,13354,1690,0.001182033096926714,0.9995508982035928,0.25,0.8876628556235043,0.002352941176470588,0.9988179669030733,0.0004491017964071856,8,15044,0.0005314908317831517,0.05314908317831517,4.0,validation,False,False,False
0.49,1,1,13359,1691,0.000591016548463357,0.9999251497005988,0.5,0.8876411960132891,0.0011806375442739079,0.9994089834515366,7.48502994011976e-05,2,15050,0.00013287270794578793,0.013287270794578792,2.0,validation,False,False,False
0.5,1,1,13359,1691,0.000591016548463357,0.9999251497005988,0.5,0.8876411960132891,0.0011806375442739079,0.9994089834515366,7.48502994011976e-05,2,15050,0.00013287270794578793,0.013287270794578792,2.0,validation,False,False,False
